date,INFL_YOY,GS10,FEDFUNDS,GS2,GS1,TB3MS,AAA,BAA,CPILFESL,PPIACO,PCEPI,UNRATE,PAYEMS,CIVPART,M2SL,M1SL,TOTALSL,BUSLOANS,INDPRO,RSAFS,HOUST,PERMIT,TCU,UMCSENT,MCOILWTICO
1993-01-31,3.2538,6.6,3.02,4.39,3.5,3.0,7.91,8.67,150.1,118.0,64.332,7.3,109790.0,66.2,3419.1,1030.4,809325.43,595.4533,64.5978,169500.0,1210.0,1177.0,81.3264,89.3,19.03
1993-02-28,3.2468,6.26,3.03,4.1,3.39,2.93,7.71,8.39,150.6,118.4,64.429,7.1,110047.0,66.2,3414.5,1033.5,814058.92,593.4074,64.9089,168840.0,1210.0,1148.0,81.5884,86.6,20.09
1993-03-31,3.0194,5.98,3.07,3.95,3.33,2.95,7.58,8.15,150.8,118.7,64.561,7.0,110004.0,66.2,3411.7,1038.4,813656.29,591.3007,64.8522,167682.0,1083.0,1056.0,81.3955,85.9,20.32
1993-04-30,3.1564,5.97,2.96,3.84,3.24,2.87,7.46,8.14,151.4,119.3,64.733,7.1,110300.0,66.1,3411.3,1047.6,819756.94,585.5795,65.0301,172102.0,1258.0,1104.0,81.5045,85.6,20.25
1993-05-31,3.2212,6.04,3.0,3.98,3.36,2.96,7.43,8.21,151.8,119.7,64.933,7.1,110571.0,66.4,3436.9,1065.9,819759.05,588.0061,64.784,172960.0,1260.0,1112.0,81.0851,80.3,19.95
1993-06-30,2.9979,5.96,3.04,4.16,3.54,3.07,7.33,8.07,152.1,119.5,64.955,7.0,110742.0,66.5,3442.4,1075.1,823811.81,589.9095,64.9301,173018.0,1280.0,1130.0,81.1568,81.5,19.09
1993-07-31,2.847,5.81,3.06,4.07,3.47,3.04,7.17,7.93,152.3,119.2,65.059,6.9,111054.0,66.4,3442.0,1084.6,829518.73,587.9277,65.1052,175822.0,1254.0,1174.0,81.262,77.0,17.89
1993-08-31,2.8409,5.68,3.03,4.0,3.44,3.02,6.85,7.6,152.8,118.7,65.17,6.8,111200.0,66.4,3445.7,1094.2,834235.53,587.8156,65.0267,175233.0,1300.0,1230.0,81.0442,77.3,18.01
1993-09-30,2.764,5.36,3.09,3.85,3.36,2.95,6.66,7.34,152.9,118.7,65.238,6.7,111448.0,66.2,3452.2,1104.2,840602.98,585.4565,65.3717,176608.0,1343.0,1251.0,81.3448,77.9,17.5
1993-10-31,2.7523,5.33,2.99,3.87,3.39,3.02,6.67,7.31,153.4,119.1,65.443,6.8,111734.0,66.3,3456.7,1113.1,847616.63,583.9072,65.8509,177588.0,1392.0,1287.0,81.7992,82.7,18.15
1993-11-30,2.7445,5.72,3.02,4.16,3.58,3.1,6.93,7.66,153.9,119.0,65.567,6.6,111987.0,66.3,3470.1,1124.1,856523.42,584.0483,66.1518,179758.0,1376.0,1357.0,82.0178,81.2,16.61
1993-12-31,2.811,5.77,2.96,4.21,3.61,3.06,6.93,7.69,154.3,118.6,65.582,6.5,112325.0,66.4,3474.5,1129.6,865650.58,583.9928,66.5436,181077.0,1533.0,1461.0,82.3349,88.2,14.52
1994-01-31,2.451,5.75,3.05,4.14,3.54,2.98,6.92,7.65,154.5,119.1,65.604,6.6,112601.0,66.6,3474.9,1131.6,872021.82,587.4178,66.7351,179615.0,1272.0,1390.0,82.3903,94.3,15.03
1994-02-28,2.5157,5.97,3.25,4.47,3.87,3.25,7.08,7.76,154.8,119.3,65.756,6.6,112782.0,66.6,3475.7,1136.3,880352.86,587.9219,66.774,183101.0,1337.0,1269.0,82.2437,93.2,14.78
1994-03-31,2.6518,6.48,3.34,5.0,4.32,3.5,7.48,8.13,155.3,119.7,65.937,6.5,113245.0,66.5,3480.1,1140.1,891333.16,594.7889,67.4552,186721.0,1564.0,1342.0,82.871,91.5,14.68
1994-04-30,2.3644,6.97,3.56,5.55,4.82,3.68,7.88,8.52,155.5,119.7,66.015,6.4,113589.0,66.5,3481.3,1141.1,900989.53,600.4038,67.8541,186423.0,1465.0,1392.0,83.1358,92.6,16.42
1994-05-31,2.2885,7.18,4.01,5.97,5.31,4.14,7.99,8.62,155.9,119.9,66.111,6.1,113922.0,66.6,3490.8,1143.3,912863.7,604.7512,68.1663,185616.0,1526.0,1396.0,83.2793,92.8,17.89
1994-06-30,2.4948,7.1,4.25,5.93,5.27,4.14,7.97,8.65,156.4,120.5,66.272,6.1,114239.0,66.4,3479.5,1145.2,924216.02,608.7014,68.6265,187800.0,1409.0,1357.0,83.5893,91.2,19.06
1994-07-31,2.699,7.3,4.26,6.13,5.48,4.33,8.11,8.8,156.7,120.7,66.481,6.1,114608.0,66.4,3488.2,1150.7,931134.74,616.5733,68.7178,188062.0,1439.0,1335.0,83.4406,89.0,19.66
1994-08-31,2.9006,7.24,4.47,6.18,5.56,4.48,8.07,8.74,157.1,121.2,66.634,6.0,114902.0,66.6,3485.7,1150.6,944803.17,622.3122,69.1785,190771.0,1450.0,1377.0,83.7334,91.7,18.38
1994-09-30,2.9655,7.46,4.73,6.39,5.76,4.62,8.34,8.98,157.5,121.0,66.708,5.9,115246.0,66.6,3486.1,1151.9,957375.6,625.0522,69.3961,192585.0,1474.0,1412.0,83.7254,91.5,17.45
1994-10-31,2.6099,7.74,4.76,6.73,6.11,4.95,8.57,9.2,157.8,120.9,66.821,5.8,115457.0,66.7,3484.3,1150.2,968468.71,631.6197,69.9544,193914.0,1450.0,1397.0,84.1216,92.7,17.72
1994-11-30,2.6027,7.96,5.29,7.15,6.54,5.29,8.68,9.32,158.2,121.5,66.948,5.6,115867.0,66.7,3487.2,1150.9,981426.11,638.4621,70.4326,194425.0,1511.0,1340.0,84.414,91.6,18.07
1994-12-31,2.5974,7.81,5.45,7.59,7.14,5.6,8.46,9.1,158.3,121.9,66.991,5.5,116174.0,66.7,3486.4,1150.7,997301.74,643.9879,71.1523,194939.0,1455.0,1396.0,84.9892,95.1,17.16
1995-01-31,2.8708,7.78,5.53,7.51,7.05,5.71,8.46,9.08,159.0,122.9,67.127,5.6,116505.0,66.8,3492.4,1151.4,1010395.04,654.3104,71.2734,195908.0,1407.0,1282.0,84.8472,97.6,18.04
1995-02-28,2.863,7.47,5.92,7.11,6.7,5.77,8.26,8.85,159.4,123.5,67.246,5.4,116694.0,66.8,3489.9,1147.4,1018559.11,666.3843,71.193,193068.0,1316.0,1254.0,84.4634,95.1,18.57
1995-03-31,2.7872,7.2,5.98,6.78,6.43,5.73,8.12,8.7,159.9,123.9,67.37,5.4,116908.0,66.7,3491.1,1146.7,1033632.09,673.4962,71.3113,195179.0,1249.0,1226.0,84.3123,90.3,18.54
1995-04-30,3.125,7.06,6.05,6.57,6.27,5.65,8.03,8.6,160.4,124.6,67.547,5.8,117066.0,66.9,3499.2,1149.3,1043695.17,677.4348,71.1882,195310.0,1267.0,1259.0,83.8748,92.5,19.9
1995-05-31,3.1186,6.63,6.01,6.17,6.0,5.67,7.65,8.2,160.7,124.9,67.651,5.6,117046.0,66.5,3524.2,1145.3,1057470.83,686.0514,71.5378,198060.0,1314.0,1271.0,83.9876,89.8,19.74
1995-06-30,3.0426,6.17,6.0,5.72,5.64,5.47,7.3,7.9,161.1,125.3,67.717,5.6,117291.0,66.5,3548.9,1144.2,1069377.91,690.3815,71.7749,200383.0,1281.0,1305.0,83.9584,92.7,18.45
1995-07-31,2.8302,6.28,5.85,5.78,5.59,5.42,7.41,8.04,161.4,125.3,67.802,5.7,117382.0,66.6,3567.4,1145.5,1077737.0,698.6658,71.4748,199110.0,1461.0,1354.0,83.2944,94.4,17.33
1995-08-31,2.6174,6.49,5.74,5.98,5.75,5.4,7.57,8.19,161.8,125.1,67.948,5.7,117646.0,66.6,3589.0,1145.4,1089602.05,703.1401,72.4223,201078.0,1416.0,1386.0,84.0724,96.2,18.02
1995-09-30,2.5452,6.2,5.8,5.81,5.62,5.28,7.32,7.93,162.2,125.2,67.995,5.6,117873.0,66.6,3602.1,1142.0,1106612.68,706.2303,72.7144,201337.0,1369.0,1421.0,84.0747,88.9,18.23
1995-10-31,2.7443,6.04,5.76,5.7,5.59,5.28,7.12,7.75,162.7,125.3,68.171,5.5,118026.0,66.6,3613.4,1137.3,1113528.51,706.4451,72.5866,200597.0,1369.0,1400.0,83.58,90.2,17.43
1995-11-30,2.6035,5.93,5.8,5.48,5.43,5.36,7.02,7.68,163.0,125.4,68.169,5.6,118165.0,66.5,3619.9,1134.1,1132160.17,712.7022,72.7779,203545.0,1452.0,1430.0,83.4429,88.2,17.99
1995-12-31,2.5316,5.71,5.6,5.32,5.31,5.14,6.82,7.49,163.1,125.7,68.3,5.6,118325.0,66.4,3629.5,1127.5,1140744.36,715.1002,73.0305,204032.0,1431.0,1442.0,83.3654,91.0,19.03
1996-01-31,2.7907,5.65,5.56,5.11,5.09,5.0,6.81,7.47,163.7,126.3,68.452,5.6,118317.0,66.4,3647.9,1123.5,1153270.3,721.7298,72.6125,203793.0,1467.0,1387.0,82.5158,89.3,18.86
1996-02-29,2.717,5.81,5.22,5.03,4.94,4.83,6.99,7.63,164.0,126.2,68.56,5.5,118738.0,66.6,3661.8,1118.5,1163093.78,723.945,73.6752,206875.0,1491.0,1420.0,83.3451,88.5,19.09
1996-03-31,2.8439,6.27,5.31,5.66,5.34,4.96,7.35,8.03,164.4,126.4,68.767,5.5,118992.0,66.6,3686.9,1122.6,1171684.26,727.1887,73.585,207650.0,1424.0,1437.0,82.8594,93.7,21.33
1996-04-30,2.8327,6.51,5.22,5.96,5.54,4.95,7.5,8.19,164.6,127.4,68.973,5.6,119158.0,66.7,3697.7,1124.8,1180903.1,731.9809,74.3172,209294.0,1516.0,1463.0,83.2941,92.7,23.5
1996-05-31,2.8271,6.74,5.24,6.1,5.64,5.02,7.62,8.3,165.0,128.1,69.092,5.6,119497.0,66.7,3709.6,1116.5,1191113.69,736.1981,74.8726,211157.0,1504.0,1457.0,83.5236,89.4,21.17
1996-06-30,2.8215,6.91,5.27,6.3,5.81,5.09,7.71,8.4,165.4,128.0,69.091,5.3,119770.0,66.7,3722.5,1115.2,1200950.02,741.3047,75.4433,209474.0,1467.0,1429.0,83.7665,92.4,20.42
1996-07-31,2.8834,6.87,5.4,6.27,5.85,5.15,7.65,8.35,165.7,128.0,69.237,5.5,120019.0,66.9,3737.1,1112.4,1211897.36,745.2041,75.4549,210827.0,1472.0,1450.0,83.3918,94.7,21.3
1996-08-31,2.8123,6.64,5.22,6.03,5.67,5.05,7.46,8.18,166.0,128.3,69.303,5.1,120198.0,66.7,3744.0,1101.6,1220503.0,748.1998,75.8411,210846.0,1557.0,1413.0,83.4315,95.3,21.9
1996-09-30,3.0046,6.83,5.3,6.23,5.83,5.09,7.66,8.35,166.5,128.2,69.499,5.2,120400.0,66.9,3753.4,1096.2,1225271.76,758.824,76.3158,213233.0,1475.0,1392.0,83.564,94.7,23.97
1996-10-31,3.0619,6.53,5.24,5.91,5.55,4.99,7.39,8.07,166.8,128.0,69.709,5.2,120665.0,67.0,3772.8,1085.7,1231336.1,766.2964,76.3384,215526.0,1392.0,1358.0,83.1973,96.5,24.88
1996-11-30,3.2531,6.2,5.31,5.7,5.42,5.03,7.1,7.79,167.2,128.2,69.833,5.4,120947.0,67.0,3795.1,1083.5,1242421.91,772.1146,77.0397,215167.0,1489.0,1412.0,83.5622,99.2,23.71
1996-12-31,3.3788,6.3,5.29,5.78,5.47,4.91,7.2,7.89,167.4,129.1,69.914,5.4,121143.0,67.0,3818.6,1081.3,1253437.09,778.5077,77.5333,215690.0,1370.0,1411.0,83.6933,96.9,25.23
1997-01-31,3.0381,6.58,5.25,6.01,5.61,5.03,7.42,8.09,167.8,129.7,70.005,5.3,121356.0,67.0,3834.6,1081.2,1258365.28,782.1925,77.6562,218124.0,1355.0,1382.0,83.4262,97.4,25.13
1997-02-28,3.0323,6.42,5.19,5.9,5.53,5.01,7.31,7.94,168.1,128.5,70.151,5.2,121673.0,66.9,3846.3,1078.8,1261850.81,788.9324,78.5833,219587.0,1486.0,1445.0,84.0084,99.7,22.18
1997-03-31,2.7653,6.69,5.39,6.22,5.8,5.14,7.55,8.18,168.4,127.3,70.225,5.2,121991.0,67.1,3861.2,1072.5,1264146.34,795.3782,79.082,221189.0,1457.0,1436.0,84.12,100.0,20.97
1997-04-30,2.4343,6.89,5.51,6.45,5.99,5.16,7.73,8.34,168.9,127.0,70.294,5.1,122289.0,67.1,3877.0,1063.9,1274087.38,803.8042,79.1747,217925.0,1492.0,1421.0,83.7916,101.4,19.7
1997-05-31,2.2379,6.71,5.5,6.28,5.87,5.05,7.58,8.2,169.2,127.4,70.262,4.9,122560.0,67.1,3889.2,1063.8,1278678.42,808.9736,79.6133,217771.0,1442.0,1414.0,83.8144,103.2,20.82
1997-06-30,2.2336,6.49,5.56,6.09,5.69,4.93,7.41,8.02,169.4,127.2,70.352,5.0,122816.0,67.1,3906.0,1066.1,1282858.52,813.3984,79.9792,220233.0,1494.0,1402.0,83.7402,104.5,19.26
1997-07-31,2.1656,6.22,5.52,5.89,5.54,5.05,7.14,7.75,169.7,126.9,70.394,4.9,123114.0,67.2,3923.9,1065.5,1288782.03,816.7129,80.6624,222985.0,1437.0,1440.0,83.978,107.1,19.66
1997-08-31,2.2901,6.3,5.54,5.94,5.56,5.14,7.22,7.82,169.8,127.2,70.45,4.8,123087.0,67.2,3957.4,1075.3,1294219.24,822.9157,81.4694,223120.0,1390.0,1449.0,84.3178,104.4,19.95
1997-09-30,2.2194,6.21,5.54,5.88,5.52,4.95,7.15,7.7,170.2,127.5,70.62,4.9,123575.0,67.1,3973.1,1066.9,1301634.97,830.3257,82.2156,224509.0,1546.0,1494.0,84.5693,106.0,19.8
1997-10-31,2.086,6.03,5.5,5.77,5.46,4.97,7.0,7.57,170.6,127.8,70.712,4.7,123924.0,67.1,3992.3,1065.6,1309389.39,834.4586,82.9446,224300.0,1520.0,1499.0,84.7793,105.6,21.33
1997-11-30,1.8904,5.88,5.52,5.71,5.46,5.14,6.87,7.42,170.8,127.9,70.716,4.6,124225.0,67.2,4014.8,1070.9,1312457.18,839.8971,83.5978,223718.0,1510.0,1469.0,84.8918,107.2,20.19
1997-12-31,1.697,5.81,5.5,5.72,5.53,5.16,6.76,7.32,171.2,126.8,70.701,4.7,124549.0,67.2,4032.9,1072.3,1324757.33,844.8364,83.9538,225236.0,1566.0,1456.0,84.692,102.1,18.33
1998-01-31,1.6311,5.54,5.56,5.36,5.24,5.04,6.61,7.19,171.6,125.4,70.736,4.6,124806.0,67.1,4056.2,1074.0,1320044.02,855.3153,84.3218,225954.0,1525.0,1555.0,84.4984,106.6,16.72
1998-02-28,1.4402,5.57,5.51,5.42,5.31,5.09,6.67,7.25,171.9,125.0,70.699,4.6,125017.0,67.1,4088.9,1077.8,1324342.72,862.0974,84.4583,225746.0,1584.0,1647.0,84.074,110.4,16.06
1998-03-31,1.3767,5.65,5.49,5.56,5.39,5.03,6.72,7.32,172.2,124.7,70.71,4.7,125165.0,67.1,4114.3,1076.9,1332903.44,865.7996,84.488,226889.0,1567.0,1605.0,83.5488,106.5,15.12
1998-04-30,1.4384,5.64,5.45,5.56,5.38,4.95,6.69,7.33,172.5,124.9,70.798,4.3,125445.0,67.0,4140.2,1076.5,1360456.29,864.2988,84.7779,230409.0,1540.0,1547.0,83.2923,108.7,15.35
1998-05-31,1.6886,5.65,5.49,5.59,5.44,5.0,6.69,7.3,172.9,125.1,70.895,4.4,125845.0,67.0,4164.4,1079.1,1363080.86,875.6518,85.3367,230995.0,1536.0,1554.0,83.3136,106.5,14.91
1998-06-30,1.623,5.5,5.56,5.52,5.41,4.98,6.53,7.13,173.2,124.8,70.835,4.5,126076.0,67.0,4184.1,1076.3,1373942.33,891.15,84.8248,233207.0,1641.0,1551.0,82.3151,105.6,13.72
1998-07-31,1.7456,5.46,5.54,5.46,5.36,4.96,6.55,7.15,173.5,124.9,71.01,4.5,126212.0,67.0,4203.8,1075.1,1380720.85,897.8608,84.4986,231551.0,1698.0,1610.0,81.5396,105.2,14.17
1998-08-31,1.6169,5.34,5.55,5.27,5.21,4.9,6.52,7.14,174.0,124.2,71.108,4.5,126546.0,67.0,4228.7,1075.9,1386666.45,904.3571,86.248,229792.0,1614.0,1654.0,82.7869,104.4,13.47
1998-09-30,1.4268,4.81,5.51,4.67,4.71,4.61,6.4,7.09,174.2,123.8,71.067,4.6,126744.0,67.2,4267.7,1079.9,1397289.73,912.8299,86.2021,232308.0,1582.0,1577.0,82.3253,100.9,15.03
1998-10-31,1.4861,4.53,5.07,4.09,4.12,3.96,6.37,7.18,174.4,124.0,71.223,4.5,126949.0,67.2,4307.9,1086.0,1405396.66,932.1106,86.7914,236174.0,1715.0,1719.0,82.4879,97.4,14.46
1998-11-30,1.4842,4.83,4.83,4.54,4.53,4.41,6.41,7.34,174.8,123.6,71.226,4.4,127222.0,67.1,4346.6,1094.9,1408442.69,942.2355,86.7256,237592.0,1660.0,1672.0,82.0403,102.7,13.0
1998-12-31,1.6069,4.65,4.68,4.51,4.52,4.39,6.22,7.23,175.4,122.8,71.298,4.4,127595.0,67.2,4375.6,1095.0,1420996.44,938.7909,87.1185,240140.0,1792.0,1742.0,82.0415,100.5,11.35
1999-01-31,1.6667,4.72,4.63,4.62,4.51,4.34,6.24,7.29,175.6,122.9,71.398,4.3,127699.0,67.2,4403.0,1098.1,1431236.93,937.4063,87.4949,240269.0,1748.0,1732.0,82.0391,103.9,12.52
1999-02-28,1.6667,5.0,4.76,4.88,4.7,4.44,6.4,7.39,175.6,122.3,71.358,4.4,128117.0,67.2,4425.8,1096.7,1441314.59,935.6172,88.027,243346.0,1670.0,1720.0,82.1916,108.1,12.01
1999-03-31,1.7284,5.23,4.81,5.05,4.78,4.44,6.62,7.53,175.7,122.6,71.412,4.2,128234.0,67.0,4432.6,1096.6,1450878.82,944.2363,88.2267,244687.0,1710.0,1665.0,82.0452,105.7,14.68
1999-04-30,2.2811,5.18,4.74,4.98,4.69,4.29,6.64,7.48,176.3,123.6,71.757,4.3,128595.0,67.1,4461.4,1101.6,1457670.57,947.1871,88.4295,246628.0,1553.0,1600.0,81.9153,104.6,17.31
1999-05-31,2.091,5.54,4.74,5.25,4.85,4.5,6.93,7.72,176.5,124.7,71.804,4.2,128813.0,67.1,4486.1,1103.8,1468146.61,942.0807,88.9886,248367.0,1611.0,1640.0,82.124,106.8,17.72
1999-06-30,1.9656,5.9,4.76,5.62,5.1,4.57,7.23,8.02,176.6,125.2,71.826,4.3,129084.0,67.1,4508.0,1099.8,1479315.32,949.8025,88.9188,249329.0,1559.0,1702.0,81.7593,107.3,17.92
1999-07-31,2.1446,5.79,4.99,5.55,5.03,4.55,7.19,7.95,177.1,125.7,72.017,4.3,129422.0,67.1,4535.4,1099.1,1492377.6,958.6382,89.4333,251263.0,1669.0,1682.0,81.9405,106.0,20.1
1999-08-31,2.2644,5.94,5.07,5.68,5.2,4.72,7.4,8.15,177.3,126.9,72.148,4.2,129572.0,67.0,4552.7,1099.2,1503226.61,969.3807,89.7924,253844.0,1648.0,1671.0,81.9786,104.5,21.28
1999-09-30,2.63,5.92,5.22,5.66,5.25,4.68,7.39,8.2,177.8,128.0,72.407,4.2,129771.0,67.0,4568.8,1096.5,1511059.26,975.6399,89.4299,255029.0,1635.0,1551.0,81.3642,107.2,23.8
1999-10-31,2.5625,6.11,5.2,5.86,5.43,4.86,7.55,8.38,178.1,127.7,72.529,4.1,130178.0,67.0,4592.7,1103.3,1517281.83,979.0983,90.523,254816.0,1608.0,1649.0,82.0771,103.2,22.69
1999-11-30,2.6204,6.03,5.42,5.86,5.55,5.07,7.36,8.15,178.4,128.3,72.594,4.1,130466.0,67.1,4611.8,1110.7,1525334.42,1000.2986,90.9618,258133.0,1648.0,1672.0,82.198,107.2,25.0
1999-12-31,2.6764,6.28,5.3,6.1,5.84,5.2,7.55,8.19,178.7,127.8,72.763,4.0,130783.0,67.1,4639.3,1122.2,1531105.96,1000.6226,91.6634,263311.0,1708.0,1683.0,82.5592,105.4,26.1
2000-01-31,2.793,6.66,5.45,6.44,6.12,5.32,7.78,8.33,179.3,128.3,72.961,4.0,131011.0,67.3,4667.6,1122.1,1538520.18,1003.1482,91.538,261545.0,1636.0,1727.0,82.179,112.0,27.26
2000-02-29,3.218,6.52,5.73,6.61,6.22,5.55,7.68,8.29,179.4,129.8,73.191,4.1,131120.0,67.3,4680.9,1108.6,1549185.29,1016.2395,91.8239,265686.0,1737.0,1692.0,82.1719,111.3,29.37
2000-03-31,3.7621,6.26,5.85,6.53,6.22,5.69,7.68,8.37,180.0,130.8,73.505,4.0,131604.0,67.3,4711.7,1107.5,1561450.69,1026.2416,92.1504,269019.0,1604.0,1651.0,82.2023,107.1,29.84
2000-04-30,3.0139,5.99,6.02,6.4,6.15,5.66,7.64,8.4,180.3,130.7,73.444,3.8,131884.0,67.3,4767.8,1115.6,1570527.74,1035.2058,92.6989,264067.0,1626.0,1597.0,82.4316,109.2,25.72
2000-05-31,3.1325,6.44,6.27,6.81,6.33,5.79,7.99,8.9,180.7,131.6,73.505,4.0,132105.0,67.1,4755.7,1104.9,1583507.92,1051.7891,92.9499,265992.0,1575.0,1543.0,82.3967,110.7,28.79
2000-06-30,3.7349,6.1,6.53,6.48,6.17,5.69,7.67,8.48,181.1,133.8,73.754,4.0,132063.0,67.1,4773.6,1102.6,1609548.04,1062.7574,92.9862,267750.0,1559.0,1572.0,82.1729,106.4,31.82
2000-07-31,3.5993,6.05,6.54,6.34,6.08,5.96,7.65,8.35,181.5,133.7,73.939,4.0,132228.0,66.9,4791.3,1103.5,1629751.44,1068.6389,92.8048,265683.0,1463.0,1542.0,81.7603,108.3,29.7
2000-08-31,3.3513,5.83,6.5,6.23,6.18,6.09,7.55,8.26,181.9,132.9,73.934,4.1,132234.0,66.9,4819.5,1100.2,1651615.4,1071.8339,92.5521,266885.0,1541.0,1552.0,81.2857,107.3,31.26
2000-09-30,3.4565,5.8,6.52,6.08,6.13,6.0,7.62,8.35,182.3,134.7,74.252,3.9,132337.0,66.9,4855.2,1099.7,1669000.81,1073.3289,92.9792,270523.0,1507.0,1570.0,81.4061,106.8,33.88
2000-10-31,3.4503,5.74,6.51,5.91,6.01,6.11,7.55,8.34,182.6,135.4,74.353,3.9,132352.0,66.8,4871.3,1098.7,1684599.32,1078.8326,92.6179,270339.0,1549.0,1577.0,80.8334,105.8,33.11
2000-11-30,3.4442,5.72,6.51,5.88,6.09,6.17,7.45,8.28,183.1,135.0,74.457,3.9,132556.0,66.9,4882.7,1092.4,1700944.54,1080.5634,92.6438,268850.0,1551.0,1614.0,80.5963,107.6,34.42
2000-12-31,3.436,5.24,6.4,5.35,5.6,5.77,7.21,8.02,183.3,136.2,74.571,3.9,132716.0,67.0,4927.6,1088.6,1716969.72,1084.8969,92.3415,268338.0,1532.0,1543.0,80.0735,98.4,28.44
2001-01-31,3.7212,5.16,5.98,4.76,4.81,5.15,7.15,7.93,183.9,140.0,74.932,4.2,132703.0,67.2,4978.3,1096.7,1729851.68,1093.6156,91.902,272881.0,1600.0,1699.0,79.4332,94.7,29.59
2001-02-28,3.5294,5.1,5.49,4.66,4.68,4.88,7.1,7.87,184.4,137.4,75.048,4.2,132788.0,67.1,5017.0,1101.2,1748702.02,1093.8498,91.3034,272627.0,1625.0,1656.0,78.6604,90.6,29.61
2001-03-31,2.9825,4.89,5.31,4.34,4.3,4.42,6.98,7.84,184.7,135.9,75.055,4.3,132751.0,67.2,5074.8,1108.9,1760541.84,1092.1973,91.1162,269820.0,1590.0,1659.0,78.2472,91.5,27.25
2001-04-30,3.2183,5.14,4.8,4.23,3.98,3.87,7.2,8.07,185.1,136.4,75.187,4.4,132458.0,66.9,5139.1,1116.7,1773098.33,1089.2749,90.7891,274410.0,1649.0,1666.0,77.7206,88.4,27.49
2001-05-31,3.5631,5.39,4.21,4.26,3.78,3.62,7.29,8.07,185.3,136.8,75.385,4.3,132408.0,66.7,5137.2,1118.5,1781177.46,1083.9579,90.3555,275769.0,1605.0,1665.0,77.1128,92.0,28.63
2001-06-30,3.194,5.28,3.97,4.08,3.58,3.49,7.18,7.97,186.0,135.5,75.518,4.5,132300.0,66.7,5180.1,1126.2,1792368.09,1071.9119,89.8784,274474.0,1636.0,1626.0,76.4807,92.6,27.6
2001-07-31,2.7215,5.24,3.77,4.04,3.62,3.51,7.13,7.97,186.4,133.4,75.493,4.6,132172.0,66.8,5210.0,1138.9,1797350.57,1063.9525,89.3028,273098.0,1670.0,1598.0,75.7806,92.4,26.43
2001-08-31,2.7215,4.97,3.65,3.76,3.47,3.36,7.02,7.85,186.7,133.4,75.484,4.9,132021.0,66.5,5243.8,1150.2,1806359.04,1055.8851,89.2003,275659.0,1567.0,1615.0,75.4938,91.5,27.37
2001-09-30,2.5922,4.73,3.07,3.12,2.82,2.64,7.17,8.03,187.1,133.3,75.227,5.0,131763.0,66.8,5355.1,1205.7,1814252.38,1059.5265,88.7485,268652.0,1562.0,1565.0,74.9237,81.8,26.2
2001-10-31,2.1277,4.57,2.49,2.73,2.33,2.16,7.03,7.91,187.4,130.3,75.492,5.3,131452.0,66.7,5343.8,1165.7,1829840.26,1045.2523,88.5052,288632.0,1540.0,1566.0,74.5431,82.7,22.17
2001-11-30,1.8944,4.65,2.09,2.78,2.18,1.87,6.97,7.81,188.1,129.8,75.441,5.5,131144.0,66.7,5387.5,1171.0,1857842.79,1034.2084,87.97,280033.0,1602.0,1651.0,73.9318,83.9,19.64
2001-12-31,1.6037,5.09,1.82,3.11,2.22,1.69,6.77,8.05,188.4,128.1,75.363,5.7,130983.0,66.7,5440.5,1183.2,1867852.87,1021.5675,87.9324,276302.0,1568.0,1680.0,73.7552,88.8,19.39
2002-01-31,1.1959,5.04,1.73,3.03,2.16,1.65,6.55,7.87,188.7,128.5,75.431,5.7,130859.0,66.5,5460.9,1190.7,1867418.69,1011.7855,88.5176,277135.0,1698.0,1665.0,74.1161,93.0,19.72
2002-02-28,1.1364,4.91,1.74,3.02,2.23,1.72,6.51,7.89,189.1,128.4,75.558,5.7,130737.0,66.8,5490.2,1190.6,1881905.37,1016.4296,88.5278,278869.0,1829.0,1787.0,74.0132,90.7,20.72
2002-03-31,1.3629,5.28,1.73,3.56,2.57,1.79,6.81,8.11,189.2,129.8,75.763,5.7,130722.0,66.6,5502.0,1193.3,1894690.33,1012.0572,89.1686,278079.0,1642.0,1691.0,74.4558,95.7,24.53
2002-04-30,1.644,5.21,1.75,3.42,2.48,1.71,6.76,8.03,189.7,130.8,76.08,5.9,130616.0,66.7,5502.1,1186.9,1903957.99,1000.4692,89.604,281147.0,1592.0,1669.0,74.7452,93.0,26.18
2002-05-31,1.2408,5.16,1.75,3.26,2.35,1.73,6.75,8.09,190.0,130.8,76.13,5.8,130632.0,66.7,5528.3,1189.3,1914613.99,990.7703,89.964,278966.0,1764.0,1716.0,74.9894,96.9,27.04
2002-06-30,1.0692,4.93,1.75,2.99,2.2,1.7,6.63,7.95,190.2,130.9,76.225,5.8,130674.0,66.6,5553.3,1193.3,1927180.98,983.8954,90.7061,280426.0,1717.0,1758.0,75.569,92.4,25.52
2002-07-31,1.4656,4.65,1.73,2.56,1.96,1.68,6.53,7.9,190.5,131.2,76.393,5.8,130584.0,66.5,5596.0,1199.1,1939211.4,976.6186,90.6769,284161.0,1655.0,1738.0,75.5228,88.1,26.97
2002-08-31,1.7475,4.26,1.74,2.13,1.76,1.62,6.37,7.58,191.1,131.5,76.543,5.7,130581.0,66.6,5638.3,1187.1,1947500.09,972.4442,90.5762,285884.0,1633.0,1695.0,75.4317,87.6,28.39
2002-09-30,1.516,3.87,1.75,2.0,1.72,1.63,6.15,7.4,191.3,132.3,76.681,5.7,130502.0,66.7,5662.3,1196.1,1950651.39,966.4242,90.6531,281064.0,1804.0,1803.0,75.4995,86.1,29.66
2002-10-31,2.027,3.94,1.75,1.91,1.65,1.58,6.32,7.73,191.5,133.2,76.821,5.7,130617.0,66.6,5707.1,1204.0,1957151.3,963.2808,90.4643,282940.0,1648.0,1799.0,75.3553,80.6,28.84
2002-11-30,2.2535,4.05,1.34,1.92,1.49,1.23,6.31,7.62,191.9,133.1,76.897,5.9,130616.0,66.4,5758.1,1209.6,1965179.13,960.7924,90.9711,283408.0,1753.0,1771.0,75.8001,84.2,26.35
2002-12-31,2.4803,4.03,1.24,1.84,1.45,1.19,6.21,7.45,192.1,132.9,76.971,6.0,130465.0,66.3,5779.4,1220.2,1972112.21,957.7599,90.4652,286646.0,1788.0,1896.0,75.4073,86.7,29.46
2003-01-31,2.7575,4.05,1.24,1.74,1.36,1.17,6.17,7.35,192.4,135.3,77.201,5.8,130573.0,66.4,5812.1,1227.3,1982561.31,950.1322,91.2361,288657.0,1853.0,1808.0,76.0829,82.4,32.95
2003-02-28,3.1461,3.9,1.26,1.63,1.3,1.17,5.95,7.06,192.5,137.6,77.526,5.9,130441.0,66.4,5848.2,1238.2,1993405.69,941.2618,91.3445,284696.0,1629.0,1854.0,76.2008,79.9,35.83
2003-03-31,3.0252,3.81,1.25,1.57,1.24,1.13,5.89,6.95,192.5,141.2,77.725,5.9,130235.0,66.3,5868.4,1239.3,2001208.15,937.7421,91.1044,288177.0,1726.0,1757.0,76.0272,77.6,33.51
2003-04-30,2.1751,3.96,1.26,1.62,1.27,1.13,5.74,6.85,192.5,136.8,77.593,6.0,130173.0,66.4,5905.5,1250.0,2014099.78,935.3311,90.5617,289053.0,1643.0,1803.0,75.6028,86.0,28.17
2003-05-31,1.8942,3.57,1.26,1.42,1.18,1.07,5.22,6.38,192.9,136.7,77.504,6.1,130197.0,66.4,5965.3,1268.8,2027502.51,923.877,90.537,289619.0,1751.0,1835.0,75.6099,92.1,28.11
2003-06-30,1.9488,3.33,1.22,1.23,1.01,0.92,4.97,6.19,193.0,138.0,77.588,6.3,130186.0,66.5,6002.2,1281.0,2033268.41,917.209,90.6527,293671.0,1867.0,1875.0,75.7311,89.7,30.66
2003-07-31,2.0556,3.98,1.01,1.47,1.12,0.9,5.49,6.62,193.4,137.7,77.816,6.2,130184.0,66.2,6049.1,1287.5,2040064.39,921.4341,91.1185,296207.0,1897.0,1885.0,76.1369,90.9,30.76
2003-08-31,2.2161,4.45,1.03,1.86,1.31,0.95,5.88,7.01,193.6,138.0,78.079,6.1,130153.0,66.1,6107.1,1296.4,2049124.34,909.5964,90.9197,299592.0,1833.0,1966.0,75.9832,89.3,31.57
2003-09-30,2.3783,4.27,1.01,1.71,1.24,0.94,5.72,6.79,193.7,138.5,78.323,6.1,130252.0,66.1,6079.7,1297.2,2057090.79,899.9446,91.5059,298921.0,1939.0,1961.0,76.483,87.7,28.31
2003-10-31,2.0419,4.29,1.01,1.75,1.25,0.92,5.7,6.73,194.0,139.3,78.333,6.0,130439.0,66.1,6070.0,1297.8,2065495.1,887.2151,91.6186,298205.0,1967.0,2012.0,76.5884,89.6,30.34
2003-11-30,1.9284,4.3,1.0,1.93,1.34,0.93,5.65,6.66,194.0,138.9,78.432,5.8,130480.0,66.1,6075.5,1299.1,2066400.09,882.0882,92.2329,299433.0,2083.0,1918.0,77.1135,93.7,31.11
2003-12-31,2.0352,4.27,0.98,1.91,1.31,0.9,5.62,6.6,194.2,139.5,78.605,5.7,130589.0,65.9,6073.8,1306.2,2077360.69,883.655,92.2602,300702.0,2057.0,1987.0,77.1489,92.6,32.13
2004-01-31,2.0263,4.15,1.0,1.76,1.24,0.88,5.54,6.44,194.6,141.4,78.909,5.7,130756.0,66.1,6082.1,1306.0,2088243.04,876.2356,92.4006,301993.0,1911.0,1952.0,77.2806,103.8,34.31
2004-02-29,1.6885,4.08,1.01,1.74,1.24,0.93,5.5,6.27,194.9,142.1,79.077,5.6,130821.0,66.0,6121.8,1321.4,2095340.36,874.2774,92.958,303915.0,1846.0,1966.0,77.7639,94.4,34.69
2004-03-31,1.7401,3.83,1.0,1.58,1.19,0.94,5.33,6.11,195.5,143.1,79.199,5.8,131140.0,66.0,6157.9,1328.7,2109720.32,869.5143,92.5861,309471.0,1998.0,2066.0,77.4721,95.8,36.74
2004-04-30,2.2926,4.35,1.0,2.07,1.43,0.94,5.73,6.46,195.9,144.8,79.346,5.6,131412.0,65.9,6198.9,1332.8,2112716.15,864.7337,92.93,307358.0,2003.0,2070.0,77.7807,94.2,36.75
2004-05-31,2.8978,4.72,1.0,2.53,1.78,1.02,6.04,6.75,196.2,146.8,79.604,5.6,131697.0,66.0,6275.7,1333.3,2120839.15,862.6995,93.6013,311088.0,1981.0,2150.0,78.3623,90.2,40.28
2004-06-30,3.1677,4.73,1.03,2.76,2.12,1.27,6.01,6.78,196.6,147.2,79.831,5.6,131794.0,66.1,6277.9,1342.7,2127989.41,869.0455,92.871,309127.0,1828.0,2020.0,77.7669,95.6,38.03
2004-07-31,2.9396,4.5,1.26,2.64,2.1,1.33,5.82,6.62,196.8,147.4,79.905,5.5,131854.0,66.1,6291.1,1340.8,2137092.98,878.117,93.5649,311681.0,2002.0,2112.0,78.3594,96.7,40.78
2004-08-31,2.5474,4.28,1.43,2.51,2.02,1.48,5.65,6.46,196.9,148.0,79.946,5.4,131939.0,66.0,6317.8,1354.3,2143435.12,882.8316,93.6277,311192.0,2024.0,2056.0,78.4167,95.9,44.9
2004-09-30,2.5392,4.13,1.61,2.53,2.12,1.65,5.46,6.27,197.5,147.7,80.104,5.4,132089.0,65.8,6352.2,1362.5,2160148.3,886.7373,93.7467,317446.0,1905.0,2041.0,78.5109,94.2,45.94
2004-10-31,3.1909,4.1,1.76,2.58,2.23,1.76,5.47,6.21,197.9,150.0,80.448,5.5,132429.0,65.9,6379.8,1362.3,2176719.34,889.5302,94.5465,318476.0,2072.0,2097.0,79.1635,91.7,53.28
2004-11-30,3.6216,4.19,1.93,2.85,2.5,2.07,5.52,6.2,198.3,151.4,80.758,5.4,132503.0,66.0,6406.3,1374.2,2183746.35,897.9707,94.7813,320520.0,1782.0,2079.0,79.3296,92.8,48.47
2004-12-31,3.3423,4.23,2.16,3.01,2.67,2.19,5.47,6.15,198.6,150.2,80.801,5.4,132630.0,65.9,6424.5,1376.0,2192246.17,906.5194,95.5365,324672.0,2042.0,2082.0,79.9179,97.1,43.15
2005-01-31,2.8449,4.22,2.28,3.22,2.86,2.33,5.36,6.02,199.0,150.9,80.907,5.3,132781.0,65.8,6430.8,1367.1,2196777.63,921.3183,95.8801,321272.0,2144.0,2139.0,80.1494,95.5,46.84
2005-02-28,3.053,4.17,2.5,3.38,3.03,2.54,5.2,5.82,199.4,151.6,81.132,5.4,133034.0,65.9,6438.9,1371.1,2211558.71,931.6006,96.5761,325308.0,2207.0,2114.0,80.6584,94.1,48.15
2005-03-31,3.2068,4.5,2.63,3.73,3.3,2.74,5.4,6.06,200.1,153.7,81.375,5.2,133154.0,65.9,6448.3,1370.9,2220199.19,945.8622,96.4456,326179.0,1864.0,2062.0,80.4638,92.6,54.19
2005-04-30,3.3618,4.34,2.79,3.65,3.32,2.78,5.33,6.05,200.2,155.0,81.603,5.2,133520.0,66.1,6461.8,1358.4,2232535.38,958.801,96.6532,329124.0,2061.0,2150.0,80.5421,87.7,52.98
2005-05-31,2.8693,4.14,3.0,3.64,3.33,2.84,5.15,6.01,200.5,154.3,81.649,5.1,133689.0,66.1,6479.0,1366.0,2232671.52,968.6237,96.7402,327233.0,2025.0,2085.0,80.5094,86.9,49.83
2005-06-30,2.541,4.0,3.04,3.64,3.36,2.97,4.96,5.86,200.6,154.3,81.7,5.0,133948.0,66.1,6511.7,1380.1,2247833.43,975.0068,97.1753,337219.0,2068.0,2178.0,80.7567,96.0,56.35
2005-07-31,3.0672,4.18,3.26,3.87,3.64,3.22,5.06,5.95,200.9,156.3,82.046,5.0,134300.0,66.1,6543.5,1369.0,2257230.94,989.703,96.8676,339529.0,2054.0,2203.0,80.3802,96.5,59.0
2005-08-31,3.6469,4.26,3.5,4.04,3.87,3.44,5.09,5.96,201.1,157.6,82.377,4.9,134502.0,66.2,6576.3,1377.8,2267044.88,995.5061,97.1833,335605.0,2095.0,2219.0,80.5172,89.1,64.99
2005-09-30,4.7418,4.2,3.62,3.95,3.85,3.42,5.13,6.03,201.3,162.2,83.172,5.0,134552.0,66.1,6610.1,1378.6,2271633.28,1000.7563,95.3005,336600.0,2151.0,2263.0,78.8319,76.9,65.59
2005-10-31,4.3501,4.46,3.78,4.27,4.18,3.71,5.35,6.3,202.0,166.2,83.305,5.0,134641.0,66.1,6643.9,1376.5,2276843.14,1014.6763,96.4572,336753.0,2065.0,2170.0,79.6607,74.2,62.26
2005-11-30,3.3385,4.54,4.0,4.42,4.33,3.88,5.42,6.39,202.5,163.7,83.131,5.0,134997.0,66.0,6660.7,1376.1,2283661.27,1023.0361,97.5414,339719.0,2147.0,2218.0,80.426,81.6,58.32
2005-12-31,3.3385,4.47,4.16,4.4,4.35,3.89,5.37,6.32,202.8,163.0,83.131,4.9,135159.0,66.0,6687.8,1374.3,2290928.13,1036.3155,98.0452,339895.0,1994.0,2120.0,80.7109,91.5,59.41
2006-01-31,4.0188,4.42,4.29,4.4,4.45,4.24,5.29,6.24,203.2,164.3,83.534,4.7,135427.0,66.0,6730.1,1379.5,2367471.08,1048.677,98.1999,349664.0,2273.0,2212.0,80.7078,91.2,65.49
2006-02-28,3.6383,4.57,4.49,4.67,4.68,4.43,5.35,6.27,203.6,161.8,83.584,4.8,135733.0,66.1,6754.7,1378.4,2374977.32,1058.2694,98.2413,347021.0,2119.0,2141.0,80.6111,86.7,61.63
2006-03-31,3.4179,4.72,4.59,4.73,4.77,4.51,5.53,6.41,204.3,162.2,83.746,4.7,136038.0,66.2,6769.3,1383.2,2385807.89,1068.6019,98.4628,348357.0,1969.0,2118.0,80.6609,88.9,62.69
2006-04-30,3.6138,4.99,4.79,4.89,4.9,4.6,5.84,6.68,204.8,164.3,84.135,4.7,136210.0,66.1,6806.9,1381.4,2397680.6,1085.217,98.7618,350072.0,1821.0,1998.0,80.7713,87.4,69.44
2006-05-31,3.9773,5.11,4.94,4.97,5.0,4.72,5.95,6.75,205.4,165.8,84.361,4.6,136249.0,66.1,6813.7,1387.2,2407161.45,1103.3153,98.7869,348889.0,1942.0,1905.0,80.6521,79.1,70.84
2006-06-30,4.1817,5.11,4.99,5.12,5.16,4.79,5.89,6.78,205.9,166.1,84.569,4.6,136337.0,66.2,6851.8,1375.4,2395813.18,1118.8134,99.0997,350795.0,1802.0,1867.0,80.7601,84.9,70.95
2006-07-31,4.1047,5.09,5.24,5.12,5.22,4.95,5.85,6.76,206.3,166.8,84.858,4.7,136529.0,66.1,6893.6,1372.4,2403099.25,1130.7415,99.0489,351916.0,1737.0,1763.0,80.5643,84.7,74.41
2006-08-31,3.9266,4.88,5.25,4.9,5.08,4.96,5.68,6.59,206.8,167.9,85.125,4.7,136692.0,66.2,6925.1,1372.4,2415732.03,1151.7102,99.4836,353285.0,1650.0,1722.0,80.754,82.0,73.04
2006-09-30,2.0121,4.72,5.25,4.77,4.97,4.81,5.51,6.43,207.2,165.4,84.902,4.5,136826.0,66.1,6952.4,1364.4,2426813.23,1150.8735,99.3183,351240.0,1720.0,1655.0,80.4492,85.4,63.8
2006-10-31,1.4063,4.73,5.25,4.8,5.01,4.92,5.51,6.42,207.6,162.2,84.702,4.4,136843.0,66.2,7001.7,1370.3,2429399.86,1161.5392,99.2044,351035.0,1491.0,1570.0,80.1804,93.6,58.89
2006-11-30,1.9687,4.6,5.25,4.74,5.01,4.94,5.33,6.2,207.8,164.6,84.731,4.5,137060.0,66.3,7037.2,1370.8,2440749.07,1170.5212,99.1627,352116.0,1570.0,1535.0,79.9663,92.1,59.08
2006-12-31,2.524,4.56,5.24,4.67,4.94,4.85,5.32,6.22,208.1,165.6,85.032,4.4,137249.0,66.4,7080.1,1366.6,2456715.7,1182.8014,100.1735,356367.0,1649.0,1638.0,80.5985,91.7,61.96
2007-01-31,2.0758,4.76,5.25,4.88,5.06,4.98,5.4,6.34,208.6,164.0,85.316,4.6,137472.0,66.4,7118.3,1371.7,2457945.58,1192.29,99.8346,355792.0,1409.0,1626.0,80.1452,96.9,54.51
2007-02-28,2.4203,4.72,5.26,4.85,5.05,5.03,5.39,6.28,209.135,166.8,85.581,4.5,137560.0,66.3,7134.3,1363.0,2470049.92,1204.8529,100.7753,356545.0,1480.0,1598.0,80.7218,91.3,59.28
2007-03-31,2.7982,4.56,5.26,4.57,4.92,4.94,5.3,6.27,209.418,169.3,85.894,4.4,137784.0,66.2,7168.2,1366.5,2484433.18,1215.6537,100.9547,359415.0,1495.0,1596.0,80.6932,88.4,60.44
2007-04-30,2.5929,4.69,5.25,4.67,4.93,4.87,5.47,6.39,209.747,171.4,86.096,4.5,137847.0,65.9,7240.7,1378.0,2493729.77,1226.6366,101.6334,358562.0,1490.0,1470.0,81.0737,87.1,63.98
2007-05-31,2.7099,4.75,5.25,4.77,4.91,4.73,5.47,6.39,210.058,173.3,86.346,4.4,137992.0,66.0,7254.6,1380.9,2510016.06,1244.7308,101.7306,363085.0,1415.0,1493.0,81.0044,88.3,63.46
2007-06-30,2.6928,5.1,5.25,4.98,4.96,4.61,5.79,6.7,210.392,173.8,86.529,4.6,138070.0,66.0,7287.8,1368.2,2519121.04,1263.9333,101.7893,360234.0,1448.0,1407.0,80.9238,85.3,67.49
2007-07-31,2.3179,5.0,5.26,4.82,4.96,4.82,5.73,6.65,210.773,175.1,86.661,4.7,138044.0,66.0,7318.7,1371.8,2533667.67,1281.8644,101.6672,361770.0,1354.0,1361.0,80.7255,90.4,74.12
2007-08-31,1.8974,4.67,5.02,4.31,4.47,4.2,5.79,6.65,211.119,172.4,86.72,4.6,138013.0,65.8,7394.8,1376.3,2552767.07,1306.9108,101.863,363676.0,1330.0,1321.0,80.8082,83.4,72.36
2007-09-30,2.8338,4.52,4.94,4.01,4.14,3.89,5.74,6.59,211.554,173.5,87.054,4.7,138099.0,66.0,7413.0,1375.7,2566995.36,1349.608,102.0894,365178.0,1183.0,1261.0,80.9387,83.4,79.92
2007-10-31,3.6107,4.53,4.76,3.97,4.1,3.9,5.66,6.48,212.077,174.7,87.318,4.7,138175.0,65.8,7428.1,1379.4,2582326.03,1375.0587,101.8015,367322.0,1264.0,1192.0,80.6837,80.9,85.8
2007-11-30,4.3733,4.15,4.49,3.34,3.5,3.27,5.44,6.4,212.66,179.0,87.781,4.7,138290.0,66.0,7453.6,1371.8,2597649.3,1394.4104,102.3446,370776.0,1197.0,1224.0,81.1065,76.1,94.77
2007-12-31,4.1088,4.1,4.24,3.12,3.26,3.0,5.49,6.65,213.168,178.6,87.984,5.0,138395.0,66.0,7483.9,1373.4,2609476.53,1418.0137,102.3803,366569.0,1037.0,1149.0,81.1425,75.5,91.69
2008-01-31,4.2947,3.74,3.94,2.48,2.71,2.75,5.33,6.54,213.771,181.0,88.206,5.0,138391.0,66.2,7517.5,1377.7,2619427.65,1440.7731,102.2448,367368.0,1084.0,1094.0,81.0549,78.4,92.97
2008-02-29,4.143,3.74,2.98,1.97,2.05,2.12,5.53,6.82,213.939,182.7,88.382,4.9,138329.0,66.0,7604.0,1380.4,2634496.42,1448.8634,101.8438,364126.0,1103.0,1014.0,80.7602,70.8,95.39
2008-03-31,3.9749,3.51,2.61,1.62,1.54,1.26,5.51,6.89,214.42,187.9,88.635,5.1,138259.0,66.1,7670.0,1388.7,2645603.64,1470.5797,101.5336,365164.0,1005.0,967.0,80.5381,69.5,105.45
2008-04-30,3.9038,3.68,2.28,2.05,1.74,1.29,5.55,6.97,214.56,190.9,88.799,5.0,138040.0,65.9,7712.5,1391.4,2654243.23,1490.1961,100.8785,364816.0,1013.0,1008.0,80.0376,62.6,112.58
2008-05-31,4.0884,3.88,1.98,2.45,2.06,1.73,5.57,6.93,214.936,196.6,89.18,5.4,137851.0,66.1,7725.2,1393.4,2660193.15,1491.5275,100.2674,368255.0,973.0,995.0,79.5579,59.8,125.4
2008-06-30,4.936,4.1,2.0,2.77,2.42,1.86,5.68,7.07,215.424,200.5,89.827,5.6,137700.0,66.1,7743.9,1404.6,2662409.52,1498.3048,100.0335,368926.0,1046.0,1180.0,79.3571,56.4,133.88
2008-07-31,5.4975,4.01,2.01,2.57,2.28,1.63,5.67,7.16,215.965,205.5,90.245,5.8,137497.0,66.1,7791.2,1421.1,2665321.26,1512.2658,99.676,367594.0,923.0,921.0,79.0325,61.2,133.37
2008-08-31,5.308,3.89,2.0,2.42,2.18,1.72,5.64,7.15,216.393,199.0,90.172,6.1,137211.0,66.1,7805.8,1407.4,2662237.78,1512.8682,98.1111,364611.0,844.0,858.0,77.7251,63.0,116.67
2008-09-30,4.9533,3.69,1.81,2.08,1.91,1.13,5.65,7.31,216.713,196.9,90.247,6.1,136760.0,66.0,7872.4,1462.0,2657389.13,1530.4048,93.7895,358991.0,820.0,797.0,74.2216,70.3,104.11
2008-10-31,3.7311,3.81,0.97,1.61,1.42,0.67,6.28,8.88,216.788,186.4,89.651,6.5,136291.0,66.0,7974.9,1473.8,2660729.5,1586.9164,94.7219,346137.0,777.0,736.0,74.8669,57.6,76.61
2008-11-30,1.0999,3.53,0.39,1.21,1.07,0.19,6.12,9.21,216.947,176.8,88.593,6.8,135541.0,65.9,8027.0,1514.6,2651481.39,1576.3301,93.4715,332498.0,652.0,626.0,73.782,55.3,57.31
2008-12-31,-0.0222,2.42,0.16,0.82,0.49,0.03,5.05,8.43,216.925,170.9,88.098,7.3,134847.0,65.8,8204.7,1601.7,2643788.96,1559.194,90.8357,324767.0,560.0,554.0,71.607,60.1,41.12
2009-01-31,-0.1136,2.52,0.15,0.81,0.44,0.13,5.05,8.14,217.346,171.2,88.108,7.8,134079.0,65.7,8289.0,1582.8,2647028.86,1544.5985,88.57,329787.0,490.0,545.0,69.7304,61.2,41.71
2009-02-28,0.0085,2.87,0.22,0.98,0.62,0.3,5.27,8.08,217.792,169.3,88.266,8.3,133318.0,65.8,8319.3,1567.2,2638532.74,1532.4425,88.031,328376.0,582.0,558.0,69.2326,56.3,39.09
2009-03-31,-0.4465,2.82,0.18,0.93,0.64,0.21,5.5,8.42,218.253,168.1,88.169,8.7,132494.0,65.6,8386.4,1578.9,2622827.85,1511.0127,86.6528,322634.0,505.0,513.0,68.0889,57.3,47.94
2009-04-30,-0.5763,2.93,0.15,0.93,0.55,0.16,5.39,8.39,218.706,169.1,88.295,9.0,131822.0,65.7,8391.1,1611.6,2615973.01,1491.647,85.9344,324323.0,478.0,521.0,67.4762,65.1,49.65
2009-05-31,-1.0158,3.29,0.18,0.93,0.5,0.18,5.54,8.06,218.904,170.8,88.387,9.4,131466.0,65.7,8449.2,1617.5,2610010.78,1469.7132,85.0665,327011.0,540.0,556.0,66.7676,68.7,59.03
2009-06-30,-1.2292,3.72,0.21,1.18,0.51,0.18,5.61,7.5,219.112,174.1,88.912,9.5,131008.0,65.7,8459.3,1658.8,2591475.41,1436.3434,84.7459,332227.0,585.0,601.0,66.5138,70.8,69.64
2009-07-31,-1.9588,3.56,0.16,1.02,0.48,0.18,5.41,7.09,219.263,172.5,88.922,9.5,130662.0,65.5,8463.5,1662.5,2590854.98,1395.4735,85.7027,333670.0,594.0,595.0,67.29,66.0,64.15
2009-08-31,-1.4838,3.59,0.16,1.12,0.46,0.17,5.26,6.58,219.496,175.0,89.18,9.6,130472.0,65.4,8463.0,1660.0,2582126.01,1362.9194,86.6426,339586.0,586.0,616.0,68.0795,65.7,71.05
2009-09-30,-1.3779,3.4,0.15,0.96,0.4,0.12,5.13,6.31,219.92,174.1,89.324,9.8,130246.0,65.1,8461.6,1664.9,2576594.39,1337.3367,87.4063,330998.0,585.0,609.0,68.7549,73.5,69.41
2009-10-31,-0.224,3.39,0.12,0.95,0.37,0.07,5.15,6.29,220.501,175.2,89.663,10.0,130061.0,65.0,8487.9,1677.7,2563422.73,1308.1789,87.6419,334595.0,534.0,583.0,69.0357,70.6,75.72
2009-11-30,1.9146,3.4,0.12,0.8,0.31,0.05,5.19,6.32,220.666,177.4,89.887,9.9,130057.0,65.0,8517.0,1683.0,2551569.29,1290.6774,88.0221,337321.0,588.0,623.0,69.447,67.4,77.99
2009-12-31,2.8141,3.59,0.12,0.87,0.37,0.05,5.26,6.37,220.881,178.1,89.939,9.9,129808.0,64.6,8512.2,1692.8,2555016.64,1265.5793,88.3793,338736.0,581.0,664.0,69.8541,72.5,74.47
2010-01-31,2.6211,3.73,0.11,0.93,0.35,0.06,5.26,6.25,220.633,181.9,90.136,9.8,129802.0,64.8,8477.7,1674.7,2543508.02,1238.5212,89.3426,339093.0,614.0,636.0,70.7532,74.4,78.33
2010-02-28,2.1513,3.69,0.13,0.86,0.35,0.11,5.35,6.34,220.731,181.0,90.134,9.8,129706.0,64.9,8527.3,1699.8,2530024.28,1223.367,89.6779,339580.0,604.0,650.0,71.1612,73.6,76.39
2010-03-31,2.2862,3.73,0.16,0.96,0.4,0.15,5.27,6.27,220.783,183.3,90.261,9.9,129866.0,64.9,8523.5,1711.9,2536551.95,1209.7429,90.2928,346974.0,636.0,687.0,71.7964,73.6,81.2
2010-04-30,2.2068,3.85,0.2,1.06,0.45,0.16,5.29,6.25,220.822,184.4,90.31,9.9,130120.0,65.2,8554.8,1699.0,2532764.79,1207.5429,90.5991,349869.0,687.0,637.0,72.1905,72.2,84.29
2010-05-31,2.0035,3.42,0.2,0.83,0.37,0.16,4.96,6.05,220.962,184.8,90.339,9.6,130642.0,64.9,8609.0,1710.1,2521687.94,1196.9216,91.823,346858.0,583.0,575.0,73.3146,73.6,73.74
2010-06-30,1.1216,3.2,0.18,0.72,0.32,0.12,4.88,6.23,221.194,183.5,90.301,9.4,130510.0,64.6,8628.1,1731.6,2518416.41,1190.1483,91.9928,346516.0,536.0,587.0,73.5918,76.0,75.34
2010-07-31,1.3408,3.01,0.18,0.62,0.29,0.16,4.72,6.01,221.363,184.1,90.378,9.4,130415.0,64.6,8639.5,1724.0,2521104.8,1189.0278,92.3421,347612.0,546.0,579.0,74.0009,67.8,76.32
2010-08-31,1.1502,2.7,0.19,0.52,0.26,0.16,4.49,5.66,221.509,184.9,90.502,9.5,130415.0,64.7,8687.9,1748.7,2520422.13,1187.4701,92.6805,349188.0,599.0,580.0,74.3883,68.9,76.6
2010-09-30,1.1183,2.65,0.19,0.48,0.26,0.15,4.53,5.66,221.711,184.9,90.592,9.5,130341.0,64.6,8718.7,1766.2,2522094.23,1185.7277,92.9537,352179.0,594.0,563.0,74.7076,68.2,75.24
2010-10-31,1.1667,2.54,0.19,0.38,0.23,0.13,4.68,5.72,221.83,186.6,90.881,9.4,130620.0,64.4,8768.4,1780.4,2530106.0,1185.2038,92.6903,356215.0,543.0,558.0,74.58,67.7,81.89
2010-11-30,1.0845,2.76,0.19,0.45,0.25,0.14,4.87,5.92,222.149,187.7,91.062,9.8,130749.0,64.6,8789.0,1828.4,2531232.26,1187.5082,92.7709,359450.0,545.0,560.0,74.7131,71.6,84.25
2010-12-31,1.4378,3.29,0.18,0.62,0.29,0.14,5.02,6.1,222.343,189.7,91.268,9.3,130830.0,64.3,8823.2,1837.2,2646811.26,1192.7014,93.6787,361979.0,539.0,632.0,75.4968,74.5,89.15
2011-01-31,1.7008,3.39,0.17,0.61,0.27,0.15,5.04,6.09,222.803,192.7,91.542,9.1,130837.0,64.2,8849.0,1850.4,2657360.1,1195.9352,93.4814,364394.0,630.0,576.0,75.3741,74.2,89.17
2011-02-28,2.1249,3.58,0.16,0.77,0.29,0.13,5.22,6.15,223.213,195.8,91.797,9.0,131057.0,64.1,8913.3,1874.6,2663779.92,1199.5471,93.1102,367475.0,517.0,542.0,75.0928,77.5,88.58
2011-03-31,2.6192,3.41,0.14,0.7,0.26,0.1,5.13,6.03,223.454,199.2,92.166,9.0,131283.0,64.2,8971.5,1901.2,2672031.38,1206.4413,94.0788,370775.0,600.0,583.0,75.8747,67.5,102.86
2011-04-30,3.0772,3.46,0.1,0.73,0.25,0.06,5.16,6.02,223.727,203.1,92.557,9.1,131597.0,64.2,9035.1,1901.9,2679950.15,1214.9147,93.7749,372820.0,554.0,581.0,75.6127,69.8,109.53
2011-05-31,3.459,3.17,0.09,0.56,0.19,0.04,4.96,5.78,224.175,204.1,92.838,9.0,131703.0,64.1,9107.8,1947.0,2683973.45,1229.0589,93.888,372505.0,561.0,618.0,75.6684,74.3,100.9
2011-06-30,3.5023,3.0,0.09,0.41,0.18,0.04,4.99,5.75,224.697,203.9,92.819,9.1,131931.0,64.0,9182.1,1969.0,2693088.33,1233.6241,94.172,375587.0,608.0,636.0,75.8425,71.5,96.26
2011-07-31,3.5799,3.0,0.07,0.41,0.19,0.04,4.93,5.76,225.218,204.6,92.977,9.0,131992.0,64.0,9344.2,2001.8,2717525.97,1244.3309,94.636,375442.0,623.0,621.0,76.1431,63.7,97.3
2011-08-31,3.755,2.3,0.1,0.23,0.11,0.02,4.37,5.36,225.862,203.2,93.196,9.0,132125.0,64.1,9531.0,2121.5,2709151.87,1263.0844,95.2749,375860.0,585.0,647.0,76.5667,55.8,86.33
2011-09-30,3.8126,1.98,0.08,0.21,0.1,0.01,4.09,5.27,226.118,203.7,93.327,9.0,132344.0,64.2,9551.5,2126.4,2720060.44,1269.5994,95.1961,380042.0,650.0,610.0,76.3992,59.5,85.52
2011-10-31,3.5223,2.15,0.07,0.28,0.11,0.02,3.98,5.37,226.506,201.1,93.329,8.8,132553.0,64.1,9584.4,2135.0,2727962.54,1280.3982,95.8568,382207.0,610.0,671.0,76.8123,60.8,86.32
2011-11-30,3.4514,2.01,0.08,0.25,0.11,0.01,3.87,5.14,226.899,201.4,93.52,8.6,132690.0,64.1,9636.5,2188.9,2746799.26,1293.2356,95.8485,383422.0,711.0,706.0,76.6783,63.7,97.16
2011-12-31,3.0621,1.98,0.07,0.26,0.12,0.01,3.93,5.25,227.405,199.8,93.574,8.5,132888.0,64.0,9683.9,2172.5,2756224.85,1304.0391,96.3571,383985.0,694.0,697.0,76.9495,69.9,98.56
2012-01-31,3.0088,1.97,0.08,0.24,0.12,0.03,3.85,5.23,227.877,200.7,93.894,8.3,133246.0,63.7,9757.6,2209.1,2770124.65,1321.3179,96.9318,387531.0,723.0,712.0,77.2652,75.0,100.27
2012-02-29,2.8982,1.97,0.1,0.28,0.16,0.09,3.85,5.14,228.034,201.6,94.104,8.3,133509.0,63.8,9809.8,2214.9,2777643.62,1344.1778,97.2435,392310.0,704.0,738.0,77.3673,75.3,102.2
2012-03-31,2.5829,2.17,0.13,0.34,0.19,0.08,3.99,5.23,228.478,204.2,94.284,8.2,133748.0,63.8,9853.9,2235.7,2791565.95,1350.492,96.74,393698.0,695.0,806.0,76.8194,76.2,106.16
2012-04-30,2.2732,2.05,0.14,0.29,0.18,0.08,3.96,5.19,228.905,203.7,94.408,8.2,133825.0,63.7,9907.7,2245.4,2802317.58,1368.5956,97.4359,392073.0,753.0,732.0,77.2234,76.4,103.32
2012-05-31,1.7379,1.8,0.16,0.29,0.19,0.09,3.8,5.07,229.224,201.9,94.302,8.2,133932.0,63.7,9951.4,2264.9,2817982.27,1379.0397,97.6609,391376.0,708.0,796.0,77.2546,79.3,94.66
2012-06-30,1.6539,1.62,0.16,0.29,0.19,0.09,3.64,5.02,229.623,199.8,94.254,8.2,134013.0,63.8,10021.6,2284.2,2829850.8,1397.9731,97.6663,387901.0,757.0,794.0,77.1149,73.2,82.3
2012-07-31,1.4175,1.53,0.16,0.25,0.19,0.1,3.4,4.87,229.97,200.1,94.288,8.2,134157.0,63.7,10074.5,2324.1,2840049.63,1413.7811,97.8713,389686.0,740.0,849.0,77.1372,72.3,87.9
2012-08-31,1.6859,1.68,0.13,0.27,0.18,0.1,3.48,4.91,230.233,202.7,94.605,8.1,134339.0,63.5,10145.6,2363.5,2857102.48,1425.6215,97.4525,394524.0,754.0,840.0,76.672,74.3,94.13
2012-09-30,1.9497,1.72,0.14,0.26,0.18,0.11,3.49,4.84,230.659,204.4,94.893,7.8,134517.0,63.6,10226.1,2396.4,2865789.74,1434.331,97.381,397681.0,847.0,930.0,76.4846,78.3,94.51
2012-10-31,2.1557,1.75,0.16,0.28,0.18,0.1,3.47,4.58,231.024,203.5,95.174,7.8,134669.0,63.8,10292.4,2429.9,2881779.34,1449.5834,97.7193,397494.0,915.0,887.0,76.6227,82.6,89.49
2012-11-30,1.796,1.65,0.16,0.27,0.18,0.09,3.5,4.51,231.33,201.8,95.109,7.7,134825.0,63.6,10361.9,2451.5,2903346.97,1457.5771,98.0777,399708.0,833.0,917.0,76.78,82.7,86.53
2012-12-31,1.7595,1.72,0.16,0.26,0.16,0.07,3.65,4.63,231.725,201.5,95.094,7.9,135074.0,63.7,10484.1,2470.7,2912905.02,1474.5892,98.3101,401093.0,976.0,941.0,76.8435,72.9,87.86
2013-01-31,1.6841,1.91,0.14,0.27,0.15,0.07,3.8,4.73,232.229,202.5,95.275,8.0,135257.0,63.7,10508.1,2487.4,2931381.51,1485.1014,98.3342,404434.0,888.0,940.0,76.7502,73.8,94.76
2013-02-28,2.0181,1.98,0.15,0.27,0.16,0.1,3.9,4.85,232.569,204.3,95.614,7.7,135546.0,63.4,10527.5,2480.1,2953480.76,1491.2673,98.7941,409118.0,962.0,980.0,77.0029,77.6,95.31
2013-03-31,1.5187,1.96,0.14,0.26,0.15,0.09,3.93,4.85,232.794,204.0,95.488,7.5,135689.0,63.3,10583.8,2487.5,2963147.07,1499.186,99.1921,406223.0,1010.0,936.0,77.2135,78.6,92.94
2013-04-30,1.1388,1.76,0.15,0.23,0.12,0.06,3.73,4.59,232.832,203.5,95.391,7.6,135873.0,63.4,10611.3,2516.2,2972772.62,1507.451,99.1065,404231.0,835.0,1012.0,77.0553,76.4,92.02
2013-05-31,1.3904,1.93,0.11,0.25,0.12,0.04,3.89,4.73,232.996,204.1,95.461,7.5,136096.0,63.4,10646.1,2535.5,2988661.4,1510.4217,99.1839,406677.0,930.0,1003.0,77.0307,84.5,94.51
2013-06-30,1.7158,2.3,0.09,0.33,0.14,0.05,4.27,5.19,233.35,204.3,95.673,7.5,136279.0,63.4,10703.3,2533.0,3000936.05,1521.7516,99.3897,407921.0,839.0,942.0,77.1119,84.1,95.77
2013-07-31,1.8855,2.58,0.09,0.34,0.12,0.04,4.34,5.32,233.88,204.4,95.792,7.3,136391.0,63.3,10742.8,2554.6,3014697.69,1531.8942,99.0814,410268.0,880.0,997.0,76.8008,85.1,104.67
2013-08-31,1.5388,2.74,0.08,0.36,0.13,0.04,4.54,5.42,234.336,204.2,95.934,7.2,136646.0,63.3,10801.2,2563.9,3030269.0,1533.0979,99.6543,409691.0,917.0,964.0,77.1772,82.1,106.57
2013-09-30,1.0947,2.81,0.08,0.4,0.12,0.02,4.64,5.47,234.7,203.9,95.976,7.2,136821.0,63.2,10862.0,2598.6,3045861.58,1540.0041,100.161,410044.0,850.0,1004.0,77.5046,77.5,106.29
2013-10-31,0.8768,2.62,0.09,0.34,0.12,0.05,4.53,5.31,234.921,202.5,96.103,7.2,137041.0,62.8,10986.3,2644.4,3063380.14,1549.6383,100.082,411399.0,925.0,1044.0,77.3802,73.2,100.54
2013-11-30,1.2329,2.72,0.08,0.3,0.12,0.07,4.63,5.38,235.359,201.2,96.246,6.9,137317.0,63.0,10995.6,2652.4,3075875.88,1558.8509,100.3158,412561.0,1100.0,1029.0,77.4988,75.1,93.86
2013-12-31,1.5128,2.9,0.09,0.34,0.13,0.07,4.62,5.38,235.759,202.0,96.414,6.7,137372.0,62.9,11060.1,2687.4,3090467.79,1574.33,100.5175,414812.0,1002.0,1005.0,77.5927,82.5,97.63
2014-01-31,1.5578,2.86,0.07,0.39,0.12,0.04,4.49,5.19,235.961,203.8,96.614,6.6,137561.0,62.9,11130.8,2728.2,3113002.96,1586.7954,100.1599,411561.0,888.0,976.0,77.254,81.2,94.62
2014-02-28,1.1205,2.71,0.07,0.33,0.12,0.05,4.45,5.1,236.185,205.7,96.66,6.7,137712.0,62.9,11196.8,2744.7,3133891.8,1619.7096,100.9168,416736.0,944.0,1039.0,77.7747,81.6,100.82
2014-03-31,1.6127,2.72,0.08,0.4,0.13,0.05,4.38,5.06,236.625,207.0,96.815,6.7,137985.0,63.1,11232.6,2763.7,3150697.02,1633.3176,101.8942,421230.0,970.0,1067.0,78.4628,80.0,100.8
2014-04-30,2.0151,2.71,0.09,0.42,0.11,0.03,4.24,4.9,237.072,208.3,96.987,6.2,138298.0,62.8,11277.7,2788.8,3173234.63,1651.1911,101.9928,425546.0,1043.0,1090.0,78.4705,84.1,102.07
2014-05-31,2.1669,2.56,0.09,0.39,0.1,0.03,4.16,4.76,237.529,208.0,97.147,6.3,138513.0,62.9,11342.8,2800.5,3192546.34,1663.6926,102.3836,426253.0,1007.0,1018.0,78.6999,81.9,102.18
2014-06-30,2.059,2.6,0.1,0.45,0.1,0.04,4.25,4.8,237.837,208.3,97.253,6.1,138849.0,62.8,11398.1,2832.5,3209899.68,1676.8043,102.735,427305.0,911.0,1010.0,78.8952,82.5,105.79
2014-07-31,1.9742,2.54,0.09,0.51,0.11,0.03,4.16,4.73,238.195,208.0,97.391,6.2,139072.0,62.9,11453.0,2852.8,3231535.62,1694.9147,102.9632,428079.0,1085.0,1076.0,78.9933,81.8,103.59
2014-08-31,1.7151,2.42,0.09,0.47,0.11,0.03,4.08,4.69,238.405,207.0,97.379,6.1,139269.0,62.9,11477.3,2802.7,3248721.35,1711.7561,102.7688,431379.0,984.0,1047.0,78.7669,82.5,96.54
2014-09-30,1.6841,2.53,0.09,0.57,0.11,0.02,4.11,4.8,238.786,206.4,97.413,5.9,139563.0,62.8,11519.1,2877.6,3265101.43,1725.7351,103.0641,430189.0,1023.0,1077.0,78.9218,84.6,93.21
2014-10-31,1.6095,2.3,0.09,0.45,0.1,0.02,3.92,4.69,239.191,203.4,97.384,5.7,139798.0,62.9,11593.1,2896.9,3275438.44,1730.8096,103.0764,431903.0,1074.0,1094.0,78.8663,86.9,84.4
2014-11-30,1.2315,2.33,0.09,0.53,0.13,0.02,3.92,4.79,239.458,200.9,97.291,5.8,140089.0,62.9,11634.2,2905.1,3283048.38,1751.6656,103.7126,433113.0,1001.0,1059.0,79.2962,88.8,75.79
2014-12-31,0.6531,2.21,0.12,0.64,0.21,0.03,3.79,4.74,239.584,197.0,97.12,5.6,140364.0,62.8,11717.6,2972.3,3309539.83,1773.178,103.7044,430110.0,1073.0,1072.0,79.2419,93.6,59.29
2015-01-31,-0.2299,1.88,0.11,0.55,0.2,0.03,3.46,4.45,239.811,192.0,96.654,5.7,140568.0,62.9,11805.2,2973.0,3319930.47,1791.5773,102.8905,428208.0,1085.0,1049.0,78.5803,98.1,47.22
2015-02-28,-0.087,1.98,0.11,0.62,0.22,0.02,3.61,4.51,240.172,191.1,96.825,5.5,140827.0,62.7,11922.8,3043.2,3337844.15,1807.9304,102.2335,427119.0,886.0,1127.0,78.055,95.4,50.58
2015-03-31,-0.022,2.04,0.11,0.64,0.25,0.03,3.64,4.54,240.755,191.5,97.008,5.4,140923.0,62.6,11920.5,3018.9,3360575.76,1833.4502,101.8914,433647.0,960.0,1072.0,77.7804,93.0,47.82
2015-04-30,-0.104,1.94,0.12,0.54,0.23,0.02,3.52,4.48,241.346,190.9,97.094,5.4,141196.0,62.8,11954.6,3020.6,3382639.53,1847.9368,101.3355,434470.0,1190.0,1166.0,77.3487,95.9,54.45
2015-05-31,0.035,2.2,0.12,0.61,0.24,0.02,3.98,4.89,241.688,193.4,97.327,5.6,141538.0,62.9,11982.6,2996.7,3399365.69,1863.5293,100.8883,437865.0,1079.0,1272.0,77.0092,90.7,59.27
2015-06-30,0.1796,2.36,0.13,0.69,0.28,0.02,4.19,5.13,242.064,194.8,97.516,5.3,141709.0,62.7,12023.2,3033.4,3425250.89,1880.1555,100.571,437951.0,1205.0,1379.0,76.7774,96.1,59.82
2015-07-31,0.2257,2.32,0.13,0.67,0.3,0.03,4.15,5.2,242.565,193.9,97.605,5.2,141991.0,62.6,12067.0,3053.8,3444143.74,1889.5042,101.2228,441942.0,1146.0,1140.0,77.2924,93.1,50.9
2015-08-31,0.2413,2.17,0.14,0.7,0.38,0.07,4.04,5.19,242.817,191.9,97.612,5.1,142125.0,62.6,12112.0,3033.2,3460249.09,1903.4103,101.0367,441849.0,1130.0,1165.0,77.1715,91.9,42.87
2015-09-30,0.0088,2.17,0.14,0.71,0.37,0.02,4.07,5.34,243.316,189.1,97.477,5.0,142275.0,62.4,12173.9,3057.6,3487879.79,1915.348,100.7547,439867.0,1224.0,1144.0,76.9791,87.2,45.48
2015-10-31,0.1276,2.07,0.12,0.64,0.26,0.02,3.95,5.34,243.768,187.5,97.477,5.0,142579.0,62.5,12225.2,3037.6,3502824.92,1930.1677,100.2675,438693.0,1058.0,1160.0,76.6282,90.0,46.22
2015-11-30,0.4363,2.26,0.12,0.88,0.48,0.12,4.06,5.46,244.241,185.7,97.538,5.1,142808.0,62.5,12317.0,3094.7,3510642.87,1946.3666,99.5298,440303.0,1172.0,1244.0,76.0819,91.3,42.44
2015-12-31,0.6387,2.24,0.24,0.98,0.65,0.23,3.97,5.46,244.547,183.5,97.456,5.0,143077.0,62.7,12387.9,3126.1,3400230.33,1952.8521,99.0417,442149.0,1146.0,1211.0,75.7214,92.6,37.19
2016-01-31,1.2375,2.09,0.34,0.9,0.54,0.26,4.0,5.45,244.955,182.6,97.496,4.8,143210.0,62.7,12518.5,3125.1,3419541.48,1963.8478,99.5607,439466.0,1092.0,1171.0,76.1248,92.0,31.68
2016-02-29,0.8473,1.78,0.38,0.73,0.53,0.31,3.96,5.34,245.51,181.3,97.445,4.9,143406.0,62.8,12603.9,3167.9,3438079.8,1987.1478,99.0445,443117.0,1225.0,1172.0,75.7291,91.7,30.32
2016-03-31,0.8916,1.89,0.36,0.88,0.66,0.29,3.82,5.13,245.913,182.1,97.673,5.0,143662.0,63.0,12661.8,3193.6,3469147.01,2017.6235,98.3096,441856.0,1111.0,1118.0,75.1587,91.0,37.55
2016-04-30,1.1726,1.81,0.37,0.77,0.56,0.23,3.62,4.79,246.551,183.2,97.993,5.1,143854.0,62.9,12743.2,3237.8,3490038.19,2033.446,98.6421,444254.0,1163.0,1160.0,75.3969,89.0,40.75
2016-05-31,1.0785,1.81,0.37,0.82,0.59,0.27,3.65,4.68,247.137,185.3,98.153,4.8,143900.0,62.7,12802.0,3259.6,3503723.51,2048.1212,98.4184,445490.0,1148.0,1205.0,75.2034,94.7,46.71
2016-06-30,1.0793,1.64,0.38,0.73,0.55,0.27,3.5,4.53,247.54,187.6,98.325,4.9,144147.0,62.7,12852.5,3269.6,3525125.97,2050.7824,98.8833,450237.0,1203.0,1208.0,75.5298,93.5,48.76
2016-07-31,0.8684,1.5,0.39,0.67,0.51,0.3,3.28,4.22,247.829,187.7,98.342,4.8,144520.0,62.8,12911.9,3263.5,3544185.32,2057.7702,98.9992,449789.0,1239.0,1198.0,75.5839,90.0,44.65
2016-08-31,1.0553,1.56,0.4,0.74,0.57,0.3,3.32,4.24,248.423,186.6,98.479,4.9,144661.0,62.9,12989.7,3326.2,3565315.2,2051.3597,98.85,449946.0,1171.0,1201.0,75.432,89.8,44.72
2016-09-30,1.5486,1.63,0.4,0.77,0.59,0.29,3.41,4.31,248.842,186.9,98.666,5.0,144967.0,62.9,13054.9,3331.2,3588380.68,2070.3166,98.7457,453056.0,1068.0,1303.0,75.3145,91.2,45.18
2016-10-31,1.6859,1.76,0.4,0.84,0.66,0.33,3.51,4.38,249.142,186.7,98.868,4.9,145065.0,62.8,13122.8,3340.5,3601186.93,2086.261,98.7611,453847.0,1313.0,1254.0,75.2918,87.2,49.78
2016-11-30,1.6843,2.14,0.41,0.98,0.74,0.45,3.86,4.71,249.481,186.3,98.901,4.7,145183.0,62.7,13208.7,3361.5,3617030.41,2089.4401,98.3491,453892.0,1140.0,1230.0,74.9498,93.8,45.66
2016-12-31,2.0508,2.49,0.54,1.2,0.87,0.51,4.06,4.83,249.92,188.2,99.071,4.7,145408.0,62.7,13234.9,3370.6,3636437.75,2083.6422,99.0214,459305.0,1252.0,1248.0,75.4424,98.2,51.97
2017-01-31,2.5104,2.43,0.65,1.21,0.83,0.51,3.92,4.66,250.467,190.7,99.451,4.7,145628.0,62.8,13315.7,3423.9,3653334.44,2082.1871,98.7611,464412.0,1190.0,1303.0,75.2339,98.5,52.5
2017-02-28,2.8104,2.42,0.66,1.2,0.82,0.52,3.95,4.64,250.998,191.6,99.586,4.6,145846.0,62.9,13394.8,3436.5,3670049.5,2082.5725,98.3646,464284.0,1271.0,1234.0,74.9346,96.3,53.47
2017-03-31,2.4412,2.48,0.79,1.31,1.01,0.74,4.01,4.68,250.944,191.5,99.535,4.4,145970.0,62.9,13463.6,3496.4,3687391.01,2064.8393,99.0137,463674.0,1190.0,1272.0,75.4439,96.9,49.33
2017-04-30,2.1762,2.3,0.9,1.24,1.04,0.8,3.87,4.57,251.227,193.0,99.725,4.4,146175.0,63.0,13521.7,3493.7,3702096.52,2067.5158,100.0224,465276.0,1146.0,1251.0,76.2392,97.0,51.06
2017-05-31,1.8563,2.3,0.91,1.3,1.12,0.89,3.85,4.55,251.43,192.8,99.682,4.4,146380.0,62.8,13568.9,3545.6,3713714.97,2071.7385,100.1408,462754.0,1157.0,1208.0,76.368,97.1,48.48
2017-06-30,1.6406,2.19,1.04,1.34,1.2,0.98,3.68,4.37,251.746,193.6,99.766,4.3,146583.0,62.8,13580.5,3552.6,3730076.97,2072.9162,100.3471,465130.0,1249.0,1353.0,76.5758,95.0,45.18
2017-07-31,1.7251,2.32,1.15,1.37,1.22,1.07,3.7,4.39,251.985,193.5,99.803,4.3,146772.0,62.9,13643.1,3570.0,3746255.82,2076.081,100.1068,465089.0,1206.0,1256.0,76.4534,93.4,46.63
2017-08-31,1.9281,2.21,1.16,1.34,1.23,1.01,3.63,4.31,252.535,193.8,100.027,4.4,146919.0,62.9,13697.7,3601.8,3758689.36,2084.0958,99.6925,466020.0,1159.0,1319.0,76.2067,96.8,48.04
2017-09-30,2.1806,2.2,1.15,1.38,1.28,1.03,3.63,4.3,252.812,194.8,100.4,4.3,147008.0,63.1,13745.1,3578.9,3774834.53,2102.9052,99.7954,475724.0,1181.0,1273.0,76.3591,95.1,49.82
2017-10-31,2.0208,2.36,1.15,1.55,1.4,1.07,3.6,4.32,253.526,194.9,100.531,4.2,147149.0,62.7,13800.1,3617.1,3796900.76,2112.9422,101.0247,476107.0,1257.0,1356.0,77.3753,100.7,51.58
2017-11-30,2.1725,2.35,1.16,1.7,1.56,1.23,3.57,4.27,253.816,195.9,100.675,4.2,147372.0,62.7,13843.5,3639.7,3815576.66,2106.2299,101.2664,480949.0,1273.0,1299.0,77.6337,98.5,56.64
2017-12-31,2.1299,2.4,1.3,1.84,1.7,1.32,3.51,4.22,254.344,196.3,100.821,4.1,147523.0,62.7,13881.7,3637.1,3830784.99,2105.3574,101.4644,483586.0,1177.0,1311.0,77.8538,95.9,57.88
2018-01-31,2.1513,2.58,1.41,2.03,1.8,1.41,3.55,4.26,255.204,197.9,101.199,4.0,147660.0,62.7,13900.3,3691.7,3847852.48,2109.5759,101.4625,481414.0,1299.0,1317.0,77.9138,95.7,63.7
2018-02-28,2.2635,2.86,1.42,2.18,1.96,1.57,3.82,4.51,255.711,199.3,101.416,4.1,148054.0,63.0,13949.3,3649.1,3863895.27,2112.0245,101.7085,484031.0,1277.0,1321.0,78.1508,99.7,62.23
2018-03-31,2.3309,2.84,1.51,2.28,2.06,1.7,3.87,4.64,256.271,199.3,101.524,4.0,148280.0,62.9,14012.7,3713.7,3876825.89,2123.2264,102.2067,484110.0,1318.0,1385.0,78.5697,101.4,62.73
2018-04-30,2.471,2.87,1.69,2.38,2.15,1.76,3.85,4.67,256.63,200.3,101.766,4.0,148420.0,62.9,14035.9,3705.9,3884786.86,2167.1125,103.3329,484154.0,1276.0,1378.0,79.4597,98.8,66.25
2018-05-31,2.7819,2.98,1.7,2.51,2.27,1.86,4.0,4.83,257.145,203.2,101.941,3.8,148742.0,62.9,14092.4,3689.5,3900697.67,2173.6766,102.4024,491960.0,1357.0,1338.0,78.7526,98.0,69.98
2018-06-30,2.8076,2.91,1.82,2.53,2.33,1.9,3.96,4.83,257.399,204.2,102.029,4.0,148960.0,63.0,14137.2,3681.1,3903142.23,2191.1233,103.198,490228.0,1192.0,1345.0,79.356,98.2,67.87
2018-07-31,2.8541,2.89,1.91,2.61,2.39,1.96,3.87,4.79,257.699,204.3,102.137,3.8,149020.0,63.0,14174.6,3701.7,3925600.56,2204.0928,103.3646,493142.0,1208.0,1334.0,79.4588,97.9,70.98
2018-08-31,2.6429,2.89,1.91,2.64,2.45,2.03,3.88,4.77,257.891,203.4,102.208,3.8,149277.0,62.6,14223.2,3709.7,3945836.92,2209.5556,104.0327,493445.0,1288.0,1273.0,79.9322,96.2,68.06
2018-09-30,2.3321,3.0,1.95,2.77,2.56,2.13,3.98,4.88,258.368,203.6,102.418,3.7,149358.0,62.8,14245.5,3710.4,3958356.01,2225.8849,104.1004,491507.0,1250.0,1314.0,79.9314,100.1,70.23
2018-10-31,2.492,3.15,2.19,2.86,2.65,2.25,4.14,5.07,258.917,204.6,102.595,3.8,149527.0,62.9,14256.6,3736.8,3976162.39,2250.5491,103.9856,496416.0,1221.0,1272.0,79.7802,98.6,70.75
2018-11-30,2.1473,3.12,2.2,2.86,2.7,2.33,4.22,5.22,259.439,202.3,102.63,3.8,149617.0,62.9,14282.8,3713.7,3991299.11,2274.048,104.0681,498854.0,1181.0,1340.0,79.7722,97.5,56.96
2018-12-31,2.0024,2.83,2.27,2.68,2.66,2.37,4.02,5.13,260.063,201.0,102.701,3.9,149809.0,63.0,14386.8,3780.7,4007041.95,2303.6527,104.0936,489113.0,1095.0,1317.0,79.7142,98.3,49.52
2019-01-31,1.4876,2.71,2.4,2.54,2.58,2.37,3.93,5.12,260.766,199.1,102.648,4.0,150060.0,63.1,14459.7,3787.8,4027126.21,2325.3631,103.4021,490440.0,1226.0,1254.0,79.1024,91.2,51.38
2019-02-28,1.5189,2.68,2.4,2.5,2.55,2.39,3.79,4.95,261.186,199.2,102.836,3.8,150067.0,63.1,14506.3,3785.5,4039735.38,2332.0383,102.8371,491751.0,1121.0,1286.0,78.5877,93.8,54.95
2019-03-31,1.8832,2.57,2.41,2.41,2.49,2.4,3.77,4.84,261.567,200.8,103.069,3.8,150295.0,63.0,14557.5,3782.3,4051283.51,2337.5318,102.8757,499292.0,1191.0,1295.0,78.5337,98.4,58.15
2019-04-30,2.0006,2.53,2.42,2.34,2.42,2.38,3.69,4.7,261.997,202.1,103.36,3.7,150591.0,62.8,14594.7,3827.7,4068160.66,2329.449,102.274,499343.0,1272.0,1322.0,77.9898,97.2,63.86
2019-05-31,1.7959,2.4,2.39,2.21,2.34,2.35,3.67,4.63,262.217,201.7,103.435,3.6,150618.0,62.9,14704.4,3824.4,4082900.98,2334.1018,102.392,504741.0,1293.0,1347.0,77.9962,100.0,60.83
2019-06-30,1.6712,2.07,2.38,1.81,2.0,2.17,3.42,4.46,262.739,200.3,103.484,3.6,150838.0,63.0,14802.8,3853.8,4093846.76,2338.7658,102.4375,505251.0,1243.0,1299.0,77.9493,98.2,54.66
2019-07-31,1.8263,2.06,2.4,1.84,1.96,2.1,3.29,4.28,263.28,200.7,103.622,3.7,150937.0,63.1,14886.8,3884.2,4117949.98,2345.4666,101.9408,509091.0,1240.0,1379.0,77.4935,98.4,57.35
2019-08-31,1.7376,1.63,2.13,1.57,1.77,1.95,2.98,3.87,263.877,199.2,103.67,3.6,151169.0,63.1,14974.4,3877.5,4133850.51,2363.8488,102.639,512561.0,1375.0,1482.0,77.9497,89.8,54.81
2019-09-30,1.6845,1.7,2.04,1.65,1.8,1.89,3.03,3.91,264.388,198.4,103.733,3.5,151365.0,63.2,15047.0,3916.9,4146108.73,2370.4403,102.2917,509282.0,1311.0,1469.0,77.6205,93.2,56.95
2019-10-31,1.734,1.71,1.83,1.55,1.61,1.65,3.01,3.92,264.97,198.6,103.917,3.6,151460.0,63.3,15184.1,3947.4,4163507.6,2370.4462,101.4281,510648.0,1325.0,1523.0,76.9099,95.5,53.96
2019-11-30,2.0923,1.81,1.55,1.61,1.57,1.54,3.06,3.94,265.548,199.0,104.024,3.6,151667.0,63.3,15296.0,3962.6,4164527.56,2368.866,101.9372,514215.0,1353.0,1535.0,77.252,96.8,57.03
2019-12-31,2.3195,1.86,1.55,1.61,1.55,1.54,3.01,3.88,266.02,199.0,104.307,3.6,151794.0,63.3,15347.5,4020.3,4192191.39,2357.6035,101.7003,515866.0,1548.0,1443.0,77.0416,99.3,59.88
2020-01-31,2.5998,1.76,1.55,1.52,1.53,1.52,2.94,3.77,266.716,199.3,104.49,3.6,152031.0,63.3,15427.1,4026.4,4171617.45,2353.8701,101.0338,515119.0,1581.0,1490.0,76.519,99.8,57.52
2020-02-29,2.3413,1.5,1.58,1.33,1.41,1.52,2.78,3.61,267.37,196.7,104.573,3.5,152293.0,63.3,15493.4,4024.9,4185098.21,2350.6023,101.3735,515330.0,1549.0,1461.0,76.7764,101.0,50.54
2020-03-31,1.494,0.87,0.65,0.45,0.33,0.29,3.02,4.29,267.054,193.1,104.271,4.4,150895.0,62.6,16033.0,4322.9,4169625.96,2564.3082,97.4078,468324.0,1266.0,1351.0,73.7887,89.1,29.21
2020-04-30,0.313,0.66,0.05,0.22,0.18,0.14,2.43,4.13,265.746,185.5,103.838,14.8,130426.0,60.1,17065.3,4856.4,4105366.12,2920.8995,84.5619,401028.0,936.0,1079.0,64.0847,71.8,16.55
2020-05-31,0.1982,0.67,0.05,0.17,0.16,0.13,2.5,3.95,265.412,188.6,103.942,13.2,133040.0,60.8,17932.9,16312.5,4089170.25,3035.7977,85.9604,478449.0,1039.0,1251.0,65.1874,72.3,28.56
2020-06-30,0.7167,0.73,0.08,0.19,0.18,0.16,2.44,3.64,265.849,191.2,104.27,11.0,137671.0,61.5,18184.3,16598.6,4101550.07,2925.2981,91.5934,518038.0,1266.0,1333.0,69.5218,78.1,38.31
2020-07-31,0.9969,0.62,0.09,0.15,0.15,0.13,2.14,3.31,267.389,193.0,104.578,10.2,139255.0,61.5,18335.4,16801.3,4117867.62,2856.1301,95.0256,526304.0,1526.0,1539.0,72.2103,72.5,40.71
2020-08-31,1.2811,0.65,0.1,0.14,0.13,0.1,2.25,3.27,268.422,194.3,104.87,8.4,140821.0,61.7,18411.2,16927.6,4113232.46,2815.0439,95.9549,530735.0,1396.0,1534.0,73.0192,74.1,42.34
2020-09-30,1.391,0.68,0.09,0.13,0.13,0.11,2.31,3.36,268.933,195.5,105.057,7.8,141770.0,61.4,18602.5,17166.2,4128741.9,2759.992,95.9669,541302.0,1473.0,1650.0,73.1451,80.4,39.63
2020-10-31,1.2304,0.79,0.09,0.15,0.13,0.1,2.35,3.44,269.306,196.5,105.151,6.9,142460.0,61.7,18757.6,17368.1,4134691.98,2698.3277,96.7394,539114.0,1543.0,1612.0,73.8636,81.8,39.4
2020-11-30,1.1757,0.87,0.09,0.17,0.12,0.09,2.3,3.3,269.981,198.3,105.258,6.7,142733.0,61.5,18997.0,17638.8,4135727.09,2637.2822,97.0816,533941.0,1543.0,1692.0,74.2637,76.9,40.94
2020-12-31,1.3204,0.93,0.09,0.14,0.1,0.09,2.26,3.16,270.341,200.5,105.699,6.7,142548.0,61.5,19115.7,17809.3,4149026.48,2590.6251,98.363,538548.0,1614.0,1755.0,75.3903,80.7,47.02
2021-01-31,1.3738,1.08,0.09,0.13,0.1,0.08,2.45,3.24,270.387,204.8,106.147,6.4,142863.0,61.4,19379.0,18106.3,4157571.02,2561.387,98.8822,559230.0,1624.0,1856.0,75.9401,79.0,52.0
2021-02-28,1.6698,1.26,0.08,0.12,0.07,0.04,2.7,3.42,270.793,210.6,106.5,6.2,143380.0,61.4,19641.8,18390.5,4176857.93,2586.5954,95.6149,544891.0,1398.0,1703.0,73.5725,76.8,59.04
2021-03-31,2.6678,1.61,0.07,0.15,0.08,0.03,3.04,3.74,271.459,215.0,107.054,6.1,144232.0,61.5,19873.2,18657.4,4188484.51,2586.7795,98.3856,603581.0,1688.0,1756.0,75.8472,84.9,62.33
2021-04-30,4.1331,1.64,0.07,0.16,0.06,0.02,2.9,3.6,273.66,217.9,107.618,6.1,144587.0,61.6,20175.4,18983.5,4205750.36,2556.3543,98.5587,608961.0,1489.0,1710.0,76.1216,88.3,61.72
2021-05-31,4.9183,1.62,0.06,0.16,0.05,0.02,2.96,3.62,275.465,224.9,108.175,5.8,145065.0,61.6,20459.0,19287.8,4237470.5,2545.6238,99.4333,605282.0,1600.0,1705.0,76.931,82.9,65.17
2021-06-30,5.2956,1.52,0.08,0.2,0.07,0.04,2.79,3.44,277.651,228.9,108.76,5.9,145820.0,61.7,20477.1,19323.1,4388618.86,2478.0379,99.7987,611950.0,1664.0,1662.0,77.3367,85.5,71.38
2021-07-31,5.2452,1.32,0.1,0.22,0.08,0.05,2.57,3.24,278.648,231.85,109.256,5.4,146762.0,61.8,20633.3,19495.4,4405901.33,2450.3579,100.2519,601817.0,1600.0,1666.0,77.7972,81.2,72.49
2021-08-31,5.152,1.28,0.09,0.22,0.07,0.05,2.55,3.24,278.997,233.415,109.674,5.1,147314.0,61.7,20840.7,19717.0,4423403.41,2428.3734,100.0437,605533.0,1596.0,1740.0,77.7308,70.3,67.73
2021-09-30,5.3512,1.37,0.08,0.24,0.08,0.04,2.53,3.23,279.698,235.678,110.034,4.7,147771.0,61.7,20981.0,19870.4,4447135.68,2416.6678,98.8579,609671.0,1576.0,1649.0,76.8871,72.8,71.65
2021-10-31,6.235,1.58,0.08,0.39,0.11,0.05,2.68,3.35,281.668,240.465,110.762,4.5,148572.0,61.8,21160.7,20065.7,4464959.71,2420.7405,100.1861,618573.0,1587.0,1699.0,77.9838,71.7,81.48
2021-11-30,6.902,1.56,0.08,0.51,0.18,0.05,2.62,3.28,283.406,243.287,111.5,4.1,149230.0,61.9,21335.9,20255.9,4490204.4,2434.992,100.8654,624874.0,1707.0,1770.0,78.562,67.4,79.15
2021-12-31,7.1743,1.47,0.08,0.68,0.3,0.06,2.65,3.3,285.18,241.338,112.191,3.9,149816.0,62.0,21498.8,20425.0,4512720.41,2473.1762,100.5726,619938.0,1711.0,1886.0,78.3687,70.6,71.71
2022-01-31,7.5588,1.76,0.08,0.98,0.55,0.15,2.93,3.58,286.757,246.453,112.805,4.0,150006.0,62.2,21650.0,20581.8,4526943.79,2486.9777,100.1856,631509.0,1693.0,1923.0,78.088,67.2,83.22
2022-02-28,7.9373,1.93,0.08,1.44,1.0,0.33,3.25,3.97,288.273,252.66,113.471,3.9,150825.0,62.3,21724.8,20678.1,4558299.13,2499.0141,100.8064,638101.0,1730.0,1846.0,78.5777,62.8,91.64
2022-03-31,8.5722,2.13,0.2,1.91,1.34,0.44,3.43,4.29,289.056,260.014,114.469,3.7,151315.0,62.4,21786.8,20749.4,4598631.98,2538.9137,101.3907,651027.0,1700.0,1899.0,79.0253,59.4,108.5
2022-04-30,8.2318,2.75,0.33,2.54,1.89,0.76,3.76,4.66,290.514,265.31,114.812,3.7,151623.0,62.2,21769.5,20746.6,4631140.48,2565.6296,101.44,660194.0,1807.0,1849.0,79.0418,65.2,101.78
2022-05-31,8.5382,2.9,0.77,2.62,2.06,0.98,4.13,5.12,292.063,273.251,115.525,3.6,151924.0,62.3,21719.5,20700.3,4660972.28,2610.2452,101.3335,659847.0,1546.0,1711.0,78.9224,58.4,109.55
2022-06-30,8.9794,3.14,1.21,3.0,2.65,1.49,4.24,5.27,294.05,280.251,116.638,3.6,152358.0,62.2,21651.2,20601.8,4698764.18,2667.8801,101.018,666113.0,1556.0,1726.0,78.6259,50.0,114.84
2022-07-31,8.4626,2.9,1.68,3.04,3.02,2.23,4.06,5.21,295.088,272.274,116.631,3.5,153072.0,62.1,21652.8,20544.9,4722381.39,2699.2413,101.223,659550.0,1382.0,1707.0,78.7204,51.5,101.62
2022-08-31,8.2226,2.9,2.33,3.25,3.28,2.63,4.07,5.15,296.535,269.546,116.956,3.6,153362.0,62.3,21638.2,20467.6,4752120.15,2724.0968,101.0963,663566.0,1532.0,1565.0,78.5438,58.2,93.67
2022-09-30,8.1921,3.52,2.56,3.86,3.89,3.13,4.59,5.69,298.226,267.898,117.371,3.5,153582.0,62.2,21536.5,20298.3,4778706.17,2747.7509,101.2918,661854.0,1481.0,1586.0,78.6087,58.6,84.26
2022-10-31,7.7588,3.98,3.08,4.38,4.43,3.72,5.1,6.26,299.399,265.061,117.919,3.6,153939.0,62.2,21461.5,20129.8,4812477.06,2771.3899,101.2529,668671.0,1446.0,1583.0,78.4843,59.9,87.55
2022-11-30,7.1229,3.89,3.78,4.5,4.73,4.15,4.9,6.07,300.325,263.157,118.224,3.6,154242.0,62.1,21406.5,19971.8,4843070.13,2789.4296,100.9552,659458.0,1434.0,1424.0,78.1544,56.7,84.37
2022-12-31,6.4046,3.62,4.1,4.29,4.68,4.25,4.43,5.59,301.394,257.897,118.384,3.5,154342.0,62.3,21291.0,19738.2,4858438.6,2798.0126,99.7664,651763.0,1296.0,1398.0,77.1334,59.8,76.44
2023-01-31,6.3272,3.53,4.33,4.21,4.69,4.54,4.4,5.5,302.642,260.227,119.018,3.5,154776.0,62.4,21279.4,19597.0,4873575.56,2811.8455,100.505,680253.0,1358.0,1418.0,77.601,64.9,78.12
2023-02-28,5.9578,3.75,4.57,4.53,4.93,4.65,4.56,5.59,304.123,258.669,119.369,3.6,155066.0,62.5,21242.9,19434.7,4885540.12,2806.7126,100.6416,672152.0,1395.0,1605.0,77.6078,66.9,76.83
2023-03-31,4.9177,3.66,4.65,4.3,4.68,4.69,4.6,5.71,305.147,257.062,119.538,3.5,155134.0,62.6,20946.8,18994.5,4909166.04,2797.7693,101.0205,665071.0,1366.0,1472.0,77.8036,62.0,73.28
2023-04-30,4.9501,3.46,4.83,4.02,4.68,4.92,4.47,5.53,306.534,256.908,119.951,3.4,155375.0,62.6,20761.4,18647.7,4920123.88,2771.1753,101.253,670494.0,1343.0,1482.0,77.888,63.7,79.45
2023-05-31,4.1319,3.57,5.06,4.13,4.91,5.14,4.67,5.77,307.652,253.67,120.15,3.6,155655.0,62.6,20829.7,18582.7,4925700.57,2766.538,100.9286,673902.0,1609.0,1579.0,77.5496,59.0,71.58
2023-06-30,3.0706,3.75,5.08,4.64,5.24,5.16,4.65,5.75,308.322,253.86,120.469,3.6,155880.0,62.6,20799.3,18454.7,4948993.26,2756.0049,100.1196,677117.0,1420.0,1447.0,76.8467,64.2,70.25
2023-07-31,3.2877,3.9,5.12,4.83,5.37,5.25,4.66,5.74,308.96,253.835,120.607,3.5,156043.0,62.6,20791.2,18367.4,4959786.57,2755.3515,100.9067,678424.0,1464.0,1530.0,77.3773,71.5,76.07
2023-08-31,3.7225,4.17,5.33,4.9,5.37,5.3,4.95,6.02,309.58,257.68,120.97,3.7,156261.0,62.8,20777.2,18262.8,4946748.73,2758.4104,100.8393,684755.0,1321.0,1596.0,77.2588,69.4,81.39
2023-09-30,3.6872,4.38,5.33,5.02,5.44,5.32,5.13,6.16,310.539,258.934,121.419,3.7,156417.0,62.7,20747.8,18158.4,4955832.26,2760.7671,101.0211,689403.0,1369.0,1530.0,77.3375,67.8,89.43
2023-10-31,3.2513,4.8,5.33,5.07,5.42,5.34,5.61,6.63,311.457,255.192,121.484,3.9,156576.0,62.6,20732.9,18069.5,4969075.88,2771.2859,100.4689,686148.0,1380.0,1524.0,76.859,63.8,85.64
2023-11-30,3.1333,4.5,5.33,4.88,5.28,5.27,5.28,6.29,312.392,252.856,121.493,3.7,156703.0,62.8,20746.5,18005.4,4993202.32,2762.7952,100.8639,685328.0,1522.0,1513.0,77.1081,61.3,77.69
2023-12-31,3.3159,4.02,5.33,4.46,4.96,5.24,4.74,5.64,313.195,249.866,121.66,3.8,156857.0,62.5,20777.9,17979.3,4988225.92,2760.5797,100.6031,686277.0,1504.0,1501.0,76.858,69.7,71.9
2024-01-31,3.0883,4.06,5.33,4.32,4.79,5.22,4.87,5.68,314.319,251.306,122.23,3.7,157032.0,62.5,20843.9,18001.2,5002466.54,2758.8444,99.2223,680456.0,1378.0,1548.0,75.7542,79.0,74.15
2024-02-29,3.1571,4.21,5.33,4.54,4.92,5.24,5.03,5.77,315.564,254.926,122.598,3.9,157238.0,62.6,20927.4,18031.7,5015270.95,2766.1063,100.285,685280.0,1555.0,1570.0,76.5157,76.9,77.25
2024-03-31,3.4868,4.21,5.33,4.59,4.99,5.24,5.01,5.75,316.792,255.095,123.038,3.9,157466.0,62.7,20973.9,18047.7,5014899.7,2751.3694,100.4575,687641.0,1297.0,1477.0,76.5964,79.4,81.28
2024-04-30,3.3608,4.54,5.33,4.87,5.14,5.24,5.28,6.0,317.649,256.978,123.341,3.9,157530.0,62.6,20959.7,17998.3,5016163.86,2749.301,100.2434,687602.0,1379.0,1456.0,76.3803,77.2,85.35
2024-05-31,3.2443,4.48,5.33,4.86,5.16,5.25,5.25,5.95,318.095,255.313,123.348,3.9,157608.0,62.6,21020.7,18030.2,5024841.22,2758.6482,100.863,692774.0,1329.0,1405.0,76.7961,69.1,80.02
2024-06-30,2.9703,4.31,5.33,4.74,5.11,5.24,5.13,5.82,318.39,255.914,123.539,4.1,157695.0,62.6,21068.4,18043.5,5026364.84,2765.4932,100.894,692449.0,1318.0,1459.0,76.7586,68.2,79.77
2024-07-31,2.9415,4.25,5.33,4.5,4.9,5.2,5.12,5.84,318.94,257.321,123.736,4.2,157748.0,62.7,21095.3,18040.5,5046177.03,2760.4065,99.9757,698835.0,1269.0,1448.0,75.9946,66.4,81.8
2024-08-31,2.6071,3.87,5.33,3.97,4.43,5.05,4.87,5.6,319.75,255.463,123.889,4.2,157757.0,62.7,21186.8,18104.1,5055767.38,2766.5074,100.4309,697039.0,1394.0,1492.0,76.2697,67.9,76.68
2024-09-30,2.4265,3.72,5.13,3.62,4.03,4.72,4.68,5.42,320.732,252.682,124.164,4.1,157912.0,62.7,21269.5,18166.1,5058345.12,2777.8894,99.8084,703055.0,1357.0,1421.0,75.7216,70.1,70.24
2024-10-31,2.5788,4.1,4.83,3.97,4.2,4.51,4.95,5.63,321.731,253.081,124.494,4.1,157945.0,62.5,21331.9,18228.3,5071852.9,2784.707,99.4695,708290.0,1370.0,1435.0,75.3852,70.5,71.99
2024-11-30,2.7195,4.36,4.64,4.26,4.33,4.42,5.14,5.78,322.657,253.211,124.637,4.2,158079.0,62.4,21452.2,18355.6,5066243.61,2787.6588,99.2925,711853.0,1300.0,1512.0,75.1681,71.8,69.95
2024-12-31,2.8707,4.39,4.48,4.23,4.23,4.27,5.2,5.8,323.259,253.423,124.979,4.1,158316.0,62.5,21485.9,18393.0,4948059.37,2765.6634,100.3273,717265.0,1494.0,1467.0,75.8651,74.0,70.12
2025-01-31,2.991,4.63,4.33,4.27,4.18,4.21,5.46,6.08,324.638,257.36,125.417,4.0,158268.0,62.6,21548.1,18462.1,4956486.46,2664.302,100.0647,711260.0,1353.0,1463.0,75.5781,71.7,75.74
2025-02-28,2.8016,4.45,4.33,4.21,4.19,4.22,5.32,5.92,325.465,259.498,125.921,4.2,158310.0,62.5,21613.5,18511.6,4958507.47,2671.3271,101.0993,711575.0,1491.0,1446.0,76.2685,64.7,71.53
2025-03-31,2.382,4.28,4.33,3.97,4.06,4.2,5.29,5.93,325.69,258.525,125.941,4.2,158377.0,62.5,21693.7,18555.6,5022633.51,2675.307,101.0404,723339.0,1346.0,1492.0,76.1318,57.0,68.24
2025-04-30,2.3254,4.28,4.33,3.78,3.95,4.21,5.45,6.18,326.467,258.392,126.15,4.2,158485.0,62.6,21775.7,18621.9,5038646.22,2668.9914,101.1279,722442.0,1400.0,1445.0,76.1048,52.2,63.54
2025-05-31,2.3773,4.42,4.33,3.92,4.09,4.25,5.54,6.29,326.893,258.678,126.38,4.3,158498.0,62.4,21834.0,18662.8,5048450.16,2679.5426,100.9655,714568.0,1289.0,1416.0,75.8894,52.2,62.17
2025-06-30,2.6805,4.38,4.33,3.89,4.06,4.23,5.46,6.15,327.658,260.491,126.743,4.1,158478.0,62.3,21938.8,18746.8,5044179.06,2685.2841,101.4785,723033.0,1379.0,1399.0,76.181,60.7,68.17
2025-07-31,2.7426,4.39,4.33,3.88,4.08,4.25,5.45,6.1,328.682,262.358,126.96,4.3,158542.0,62.2,22020.0,18803.9,5056652.64,2674.3178,101.894,727727.0,1432.0,1400.0,76.3997,61.7,68.39
2025-08-31,2.9386,4.26,4.33,3.7,3.89,4.12,5.35,6.0,329.7,262.11,127.293,4.3,158472.0,62.3,22086.9,18840.7,5059152.0,2685.1998,101.6247,731700.0,1291.0,1347.0,76.1055,58.2,64.86
2025-09-30,3.0226,4.12,4.22,3.57,3.66,3.92,5.21,5.83,330.418,262.054,127.625,4.4,158548.0,62.5,22170.3,18904.6,5072662.61,2693.9295,101.668,732192.0,1319.0,1444.0,76.0461,55.1,63.96
2025-11-30,2.9883,4.09,3.88,3.55,3.66,3.78,5.26,5.86,331.043,261.914,128.152,4.5,158449.0,62.5,22277.4,19018.3,5084255.64,2698.2388,101.0344,734718.0,1319.0,1414.0,75.3901,51.0,60.06
2025-12-31,3.0023,4.14,3.72,3.5,3.54,3.59,5.31,5.9,331.814,261.333,128.576,4.4,158432.0,62.4,22353.5,19092.5,5099409.49,2706.614,101.4941,734717.0,1378.0,1482.0,75.6422,52.9,57.97
2026-01-31,2.8287,4.21,3.64,3.54,3.51,3.57,5.34,5.88,332.793,263.608,129.002,4.3,158592.0,62.1,22429.3,19191.8,5103379.88,2736.2777,101.1235,734503.0,1385.0,1393.0,75.305,56.4,60.04
2026-02-28,2.6646,4.13,3.64,3.47,3.48,3.6,5.3,5.81,333.512,269.553,129.52,4.4,158436.0,62.0,22627.0,19387.1,5110132.24,2787.9059,101.9493,741278.0,1346.0,1540.0,75.847,56.6,64.51
2026-03-31,3.3202,4.25,3.64,3.71,3.67,3.61,5.48,6.04,334.165,275.979,130.381,4.3,158650.0,61.9,22686.4,19436.4,5132357.83,2830.8481,101.6273,754013.0,1522.0,1363.0,75.5388,53.3,91.38
2026-04-30,3.947,4.32,3.64,3.8,3.69,3.61,5.42,6.03,335.423,282.7,130.902,4.3,158829.0,61.8,22804.5,19531.8,5153090.64,2874.0311,102.509,757036.0,1392.0,1423.0,76.1289,49.8,100.32
